zip_code;latitude;longitude;;;;
1000;508504864;43770055;;;;
1020;508504864;43770055;;;;
1030;508504864;43770055;;;;
1040;508504864;43770055;;;;
1050;508504864;43770055;;;;
1060;508504864;43770055;;;;
1070;508504864;43770055;;;;
1080;508504864;43770055;;;;
1081;508504864;43770055;;;;
1082;508504864;43770055;;;;
1083;508504864;43770055;;;;
1090;508504864;43770055;;;;
1120;508504864;43770055;;;;
1130;508504864;43770055;;;;
1140;508504864;43770055;;;;
1150;508504864;43770055;;;;
1160;508504864;43770055;;;;
1170;508504864;43770055;;;;
1180;508504864;43770055;;;;
1190;508504864;43770055;;;;
1200;508504864;43770055;;;;
1210;508504864;43770055;;;;
1300;507118727;46132432;;;;
1301;507118727;46132432;;;;
1310;507118727;46132432;;;;
1315;507118727;46132432;;;;
1320;507118727;46132432;;;;
1325;507118727;46132432;;;;
1330;507118727;46132432;;;;
1331;507118727;46132432;;;;
1332;507118727;46132432;;;;
1340;507118727;46132432;;;;
1341;507118727;46132432;;;;
1342;507118727;46132432;;;;
1348;507118727;46132432;;;;
1350;507118727;46132432;;;;
1357;507118727;46132432;;;;
1360;507118727;46132432;;;;
1367;507118727;46132432;;;;
1370;507118727;46132432;;;;
1380;507118727;46132432;;;;
1390;507118727;46132432;;;;
1400;507118727;46132432;;;;
1401;507118727;46132432;;;;
1402;507118727;46132432;;;;
1404;507118727;46132432;;;;
1410;507118727;46132432;;;;
1420;507118727;46132432;;;;
1421;507118727;46132432;;;;
1428;507118727;46132432;;;;
1430;507118727;46132432;;;;
1435;507118727;46132432;;;;
1440;507118727;46132432;;;;
1450;507118727;46132432;;;;
1457;507118727;46132432;;;;
1460;507118727;46132432;;;;
1461;507118727;46132432;;;;
1470;507118727;46132432;;;;
1471;507118727;46132432;;;;
1472;507118727;46132432;;;;
1473;507118727;46132432;;;;
1474;507118727;46132432;;;;
1476;507118727;46132432;;;;
1480;507118727;46132432;;;;
1490;507118727;46132432;;;;
1495;507118727;46132432;;;;
1500;507340187;42352937;;;;
1501;507340187;42352937;;;;
1502;507340187;42352937;;;;
1540;507340187;42352937;;;;
1541;507340187;42352937;;;;
1547;507340187;42352937;;;;
1560;507340187;42352937;;;;
1570;507340187;42352937;;;;
1600;507340187;42352937;;;;
1601;507340187;42352937;;;;
1602;507340187;42352937;;;;
1620;507340187;42352937;;;;
1630;507340187;42352937;;;;
1640;507340187;42352937;;;;
1650;507340187;42352937;;;;
1651;507340187;42352937;;;;
1652;507340187;42352937;;;;
1653;507340187;42352937;;;;
1654;507340187;42352937;;;;
1670;507340187;42352937;;;;
1671;507340187;42352937;;;;
1673;507340187;42352937;;;;
1700;507340187;42352937;;;;
1701;507340187;42352937;;;;
1702;507340187;42352937;;;;
1703;507340187;42352937;;;;
1730;507340187;42352937;;;;
1731;507340187;42352937;;;;
1740;507340187;42352937;;;;
1741;507340187;42352937;;;;
1742;507340187;42352937;;;;
1745;507340187;42352937;;;;
1750;507340187;42352937;;;;
1755;507340187;42352937;;;;
1760;507340187;42352937;;;;
1761;507340187;42352937;;;;
1770;507340187;42352937;;;;
1780;507340187;42352937;;;;
1785;507340187;42352937;;;;
1790;507340187;42352937;;;;
1800;507340187;42352937;;;;
1820;507340187;42352937;;;;
1830;507340187;42352937;;;;
1831;507340187;42352937;;;;
1840;507340187;42352937;;;;
1850;507340187;42352937;;;;
1851;507340187;42352937;;;;
1852;507340187;42352937;;;;
1853;507340187;42352937;;;;
1860;507340187;42352937;;;;
1861;507340187;42352937;;;;
1880;507340187;42352937;;;;
1910;507340187;42352937;;;;
1930;507340187;42352937;;;;
1932;507340187;42352937;;;;
1933;507340187;42352937;;;;
1950;507340187;42352937;;;;
1970;507340187;42352937;;;;
1980;507340187;42352937;;;;
1981;507340187;42352937;;;;
1982;507340187;42352937;;;;
2000;512191206;44152493;;;;
2018;512191206;44152493;;;;
2020;512191206;44152493;;;;
2030;512191206;44152493;;;;
2040;512191206;44152493;;;;
2050;512191206;44152493;;;;
2060;512191206;44152493;;;;
2070;512191206;44152493;;;;
2100;512191206;44152493;;;;
2110;512191206;44152493;;;;
2140;512191206;44152493;;;;
2150;512191206;44152493;;;;
2160;512191206;44152493;;;;
2170;512191206;44152493;;;;
2180;512191206;44152493;;;;
2200;511913576;48349807;;;;
2220;510703318;47196029;;;;
2221;510703318;47196029;;;;
2222;510703318;47196029;;;;
2223;510703318;47196029;;;;
2230;511913576;48349807;;;;
2235;511913576;48349807;;;;
2240;512191206;44152493;;;;
2242;512191206;44152493;;;;
2243;512191206;44152493;;;;
2250;511913576;48349807;;;;
2260;511913576;48349807;;;;
2270;511913576;48349807;;;;
2275;511913576;48349807;;;;
2280;511913576;48349807;;;;
2288;511913576;48349807;;;;
2290;511913576;48349807;;;;
2300;511913576;48349807;;;;
2310;511913576;48349807;;;;
2320;511913576;48349807;;;;
2321;511913576;48349807;;;;
2322;511913576;48349807;;;;
2323;511913576;48349807;;;;
2328;511913576;48349807;;;;
2330;511913576;48349807;;;;
2340;511913576;48349807;;;;
2350;511913576;48349807;;;;
2360;511913576;48349807;;;;
2370;511913576;48349807;;;;
2380;511913576;48349807;;;;
2381;511913576;48349807;;;;
2382;511913576;48349807;;;;
2387;511913576;48349807;;;;
2390;512191206;44152493;;;;
2400;511913576;48349807;;;;
2430;511913576;48349807;;;;
2431;511913576;48349807;;;;
2440;511913576;48349807;;;;
2450;511913576;48349807;;;;
2460;511913576;48349807;;;;
2470;511913576;48349807;;;;
2480;511913576;48349807;;;;
2490;511913576;48349807;;;;
2491;511913576;48349807;;;;
2500;510703318;47196029;;;;
2520;512191206;44152493;;;;
2530;512191206;44152493;;;;
2531;512191206;44152493;;;;
2540;512191206;44152493;;;;
2547;512191206;44152493;;;;
2550;512191206;44152493;;;;
2560;510703318;47196029;;;;
2570;510703318;47196029;;;;
2580;510703318;47196029;;;;
2590;510703318;47196029;;;;
2600;512191206;44152493;;;;
2610;512191206;44152493;;;;
2620;512191206;44152493;;;;
2627;512191206;44152493;;;;
2630;512191206;44152493;;;;
2640;512191206;44152493;;;;
2650;512191206;44152493;;;;
2660;512191206;44152493;;;;
2800;510703318;47196029;;;;
2801;510703318;47196029;;;;
2811;510703318;47196029;;;;
2812;510703318;47196029;;;;
2820;510703318;47196029;;;;
2830;510703318;47196029;;;;
2840;512191206;44152493;;;;
2845;512191206;44152493;;;;
2850;512191206;44152493;;;;
2860;510703318;47196029;;;;
2870;510703318;47196029;;;;
2880;510703318;47196029;;;;
2890;510703318;47196029;;;;
2900;512191206;44152493;;;;
2910;512191206;44152493;;;;
2920;512191206;44152493;;;;
2930;512191206;44152493;;;;
2940;512191206;44152493;;;;
2950;512191206;44152493;;;;
2960;512191206;44152493;;;;
2970;512191206;44152493;;;;
2980;512191206;44152493;;;;
2990;512191206;44152493;;;;
3000;508808315;46927539;;;;
3001;508808315;46927539;;;;
3010;508808315;46927539;;;;
3012;508808315;46927539;;;;
3018;508808315;46927539;;;;
3020;508808315;46927539;;;;
3040;508808315;46927539;;;;
3050;508808315;46927539;;;;
3051;508808315;46927539;;;;
3052;508808315;46927539;;;;
3053;508808315;46927539;;;;
3060;508808315;46927539;;;;
3061;508808315;46927539;;;;
3070;508808315;46927539;;;;
3071;508808315;46927539;;;;
3078;508808315;46927539;;;;
3080;508808315;46927539;;;;
3090;507340187;42352937;;;;
3110;508808315;46927539;;;;
3111;508808315;46927539;;;;
3118;508808315;46927539;;;;
3120;508808315;46927539;;;;
3128;508808315;46927539;;;;
3130;508808315;46927539;;;;
3140;508808315;46927539;;;;
3150;508808315;46927539;;;;
3190;508808315;46927539;;;;
3191;508808315;46927539;;;;
3200;508808315;46927539;;;;
3201;508808315;46927539;;;;
3202;508808315;46927539;;;;
3210;508808315;46927539;;;;
3211;508808315;46927539;;;;
3212;508808315;46927539;;;;
3220;508808315;46927539;;;;
3221;508808315;46927539;;;;
3270;508808315;46927539;;;;
3271;508808315;46927539;;;;
3272;508808315;46927539;;;;
3290;508808315;46927539;;;;
3293;508808315;46927539;;;;
3294;508808315;46927539;;;;
3300;508808315;46927539;;;;
3320;508808315;46927539;;;;
3321;508808315;46927539;;;;
3350;508808315;46927539;;;;
3360;508808315;46927539;;;;
3370;508808315;46927539;;;;
3380;508808315;46927539;;;;
3384;508808315;46927539;;;;
3390;508808315;46927539;;;;
3391;508808315;46927539;;;;
3400;508808315;46927539;;;;
3401;508808315;46927539;;;;
3404;508808315;46927539;;;;
3440;508808315;46927539;;;;
3450;508808315;46927539;;;;
3454;508808315;46927539;;;;
3460;508808315;46927539;;;;
3470;508808315;46927539;;;;
3471;508808315;46927539;;;;
3472;508808315;46927539;;;;
3473;508808315;46927539;;;;
3500;509270713;53432201;;;;
3510;509270713;53432201;;;;
3511;509270713;53432201;;;;
3512;509270713;53432201;;;;
3520;509270713;53432201;;;;
3530;510166667;53666667;;;;
3540;509270713;53432201;;;;
3545;509270713;53432201;;;;
3550;509270713;53432201;;;;
3560;509270713;53432201;;;;
3570;509270713;53432201;;;;
3580;509270713;53432201;;;;
3581;509270713;53432201;;;;
3582;509270713;53432201;;;;
3583;509270713;53432201;;;;
3590;509270713;53432201;;;;
3600;509270713;53432201;;;;
3620;508891512;56531185;;;;
3621;508891512;56531185;;;;
3630;508891512;56531185;;;;
3631;508891512;56531185;;;;
3640;510166667;53666667;;;;
3650;510166667;53666667;;;;
3660;509270713;53432201;;;;
3665;509270713;53432201;;;;
3670;510166667;53666667;;;;
3680;510166667;53666667;;;;
3690;509270713;53432201;;;;
3700;508891512;56531185;;;;
3720;508891512;56531185;;;;
3721;508891512;56531185;;;;
3722;508891512;56531185;;;;
3724;508891512;56531185;;;;
3730;508891512;56531185;;;;
3740;508891512;56531185;;;;
3770;508891512;56531185;;;;
3790;508891512;56531185;;;;
3793;508891512;56531185;;;;
3800;509270713;53432201;;;;
3803;509270713;53432201;;;;
3806;508891512;56531185;;;;
3830;508891512;56531185;;;;
3832;508891512;56531185;;;;
3840;508891512;56531185;;;;
3850;509270713;53432201;;;;
3870;508891512;56531185;;;;
3890;509270713;53432201;;;;
3891;509270713;53432201;;;;
3900;510166667;53666667;;;;
3910;510166667;53666667;;;;
3920;510166667;53666667;;;;
3930;510166667;53666667;;;;
3940;510166667;53666667;;;;
3941;510166667;53666667;;;;
3945;509270713;53432201;;;;
3950;510166667;53666667;;;;
3960;510166667;53666667;;;;
3970;509270713;53432201;;;;
3971;509270713;53432201;;;;
3980;509270713;53432201;;;;
3990;510166667;53666667;;;;
4000;506759214;55459474;;;;
4020;506759214;55459474;;;;
4030;506759214;55459474;;;;
4031;506759214;55459474;;;;
4032;506759214;55459474;;;;
4040;506759214;55459474;;;;
4041;506759214;55459474;;;;
4042;506759214;55459474;;;;
4050;506759214;55459474;;;;
4051;506759214;55459474;;;;
4052;506759214;55459474;;;;
4053;506759214;55459474;;;;
4100;506759214;55459474;;;;
4101;506759214;55459474;;;;
4102;506759214;55459474;;;;
4120;506759214;55459474;;;;
4121;506759214;55459474;;;;
4122;506759214;55459474;;;;
4130;506759214;55459474;;;;
4140;506759214;55459474;;;;
4141;506759214;55459474;;;;
4160;504651532;55156777;;;;
4163;504651532;55156777;;;;
4170;506759214;55459474;;;;
4171;506759214;55459474;;;;
4180;504651532;55156777;;;;
4181;504651532;55156777;;;;
4190;504651532;55156777;;;;
4210;504651532;55156777;;;;
4217;504651532;55156777;;;;
4218;504651532;55156777;;;;
4219;506074175;50145291;;;;
4250;506074175;50145291;;;;
4254;506074175;50145291;;;;
4257;506074175;50145291;;;;
4260;506074175;50145291;;;;
4280;506074175;50145291;;;;
4287;506074175;50145291;;;;
4300;506074175;50145291;;;;
4317;506074175;50145291;;;;
4340;506759214;55459474;;;;
4342;506759214;55459474;;;;
4347;506074175;50145291;;;;
4350;506074175;50145291;;;;
4351;506074175;50145291;;;;
4357;506074175;50145291;;;;
4360;506074175;50145291;;;;
4367;506074175;50145291;;;;
4400;506759214;55459474;;;;
4420;506759214;55459474;;;;
4430;506759214;55459474;;;;
4431;506759214;55459474;;;;
4432;506759214;55459474;;;;
4450;506759214;55459474;;;;
4451;506759214;55459474;;;;
4452;506759214;55459474;;;;
4458;506759214;55459474;;;;
4460;506759214;55459474;;;;
4470;506074175;50145291;;;;
4480;504651532;55156777;;;;
4500;504651532;55156777;;;;
4520;504651532;55156777;;;;
4530;504651532;55156777;;;;
4537;504651532;55156777;;;;
4540;504651532;55156777;;;;
4550;504651532;55156777;;;;
4557;504651532;55156777;;;;
4560;504651532;55156777;;;;
4570;504651532;55156777;;;;
4577;504651532;55156777;;;;
4590;504651532;55156777;;;;
4600;506759214;55459474;;;;
4601;506759214;55459474;;;;
4602;506759214;55459474;;;;
4607;506759214;55459474;;;;
4608;506759214;55459474;;;;
4610;506759214;55459474;;;;
4620;506759214;55459474;;;;
4621;506759214;55459474;;;;
4623;506759214;55459474;;;;
4624;506759214;55459474;;;;
4630;506759214;55459474;;;;
4633;506759214;55459474;;;;
4650;506359711;57924066;;;;
4651;506359711;57924066;;;;
4652;506359711;57924066;;;;
4653;506359711;57924066;;;;
4654;506359711;57924066;;;;
4670;506759214;55459474;;;;
4671;506759214;55459474;;;;
4672;506759214;55459474;;;;
4680;506759214;55459474;;;;
4681;506759214;55459474;;;;
4682;506759214;55459474;;;;
4683;506759214;55459474;;;;
4684;506759214;55459474;;;;
4690;506759214;55459474;;;;
4700;506359711;57924066;;;;
4701;506359711;57924066;;;;
4710;506359711;57924066;;;;
4711;506359711;57924066;;;;
4720;506359711;57924066;;;;
4721;506359711;57924066;;;;
4728;506359711;57924066;;;;
4730;506359711;57924066;;;;
4731;506359711;57924066;;;;
4750;506359711;57924066;;;;
4760;506359711;57924066;;;;
4770;506359711;57924066;;;;
4780;506359711;57924066;;;;
4790;506359711;57924066;;;;
4800;506359711;57924066;;;;
4801;506359711;57924066;;;;
4802;506359711;57924066;;;;
4820;506359711;57924066;;;;
4821;506359711;57924066;;;;
4830;506359711;57924066;;;;
4831;506359711;57924066;;;;
4834;506359711;57924066;;;;
4837;506359711;57924066;;;;
4840;506359711;57924066;;;;
4841;506359711;57924066;;;;
4845;506359711;57924066;;;;
4850;506359711;57924066;;;;
4851;506359711;57924066;;;;
4852;506359711;57924066;;;;
4860;506359711;57924066;;;;
4870;506759214;55459474;;;;
4877;506359711;57924066;;;;
4880;506359711;57924066;;;;
4890;506359711;57924066;;;;
4900;506359711;57924066;;;;
4910;506359711;57924066;;;;
4920;506759214;55459474;;;;
4950;506359711;57924066;;;;
4960;506359711;57924066;;;;
4970;506359711;57924066;;;;
4980;506359711;57924066;;;;
4987;506359711;57924066;;;;
4990;506759214;55459474;;;;
5000;504637965;48653799;;;;
5001;504637965;48653799;;;;
5002;504637965;48653799;;;;
5003;504637965;48653799;;;;
5004;504637965;48653799;;;;
5020;504637965;48653799;;;;
5021;504637965;48653799;;;;
5022;504637965;48653799;;;;
5024;504637965;48653799;;;;
5030;504637965;48653799;;;;
5031;504637965;48653799;;;;
5032;504637965;48653799;;;;
5060;504637965;48653799;;;;
5070;504637965;48653799;;;;
5080;504637965;48653799;;;;
5081;504637965;48653799;;;;
5100;504637965;48653799;;;;
5101;504637965;48653799;;;;
5140;504637965;48653799;;;;
5150;504637965;48653799;;;;
5170;504637965;48653799;;;;
5190;504637965;48653799;;;;
5300;504637965;48653799;;;;
5310;504637965;48653799;;;;
5330;504637965;48653799;;;;
5332;504637965;48653799;;;;
5333;504637965;48653799;;;;
5334;504637965;48653799;;;;
5336;504637965;48653799;;;;
5340;504637965;48653799;;;;
5350;504637965;48653799;;;;
5351;504637965;48653799;;;;
5353;504637965;48653799;;;;
5360;503416375;51545921;;;;
5362;503416375;51545921;;;;
5364;503416375;51545921;;;;
5370;503416375;51545921;;;;
5372;503416375;51545921;;;;
5376;503416375;51545921;;;;
5377;503416375;51545921;;;;
5380;504637965;48653799;;;;
5500;503416375;51545921;;;;
5501;503416375;51545921;;;;
5503;503416375;51545921;;;;
5520;503416375;51545921;;;;
5522;503416375;51545921;;;;
5530;503416375;51545921;;;;
5537;503416375;51545921;;;;
5540;503416375;51545921;;;;
5541;503416375;51545921;;;;
5542;503416375;51545921;;;;
5543;503416375;51545921;;;;
5544;503416375;51545921;;;;
5550;503416375;51545921;;;;
5555;503416375;51545921;;;;
5560;503416375;51545921;;;;
5561;503416375;51545921;;;;
5562;503416375;51545921;;;;
5570;503416375;51545921;;;;
5572;503416375;51545921;;;;
5574;503416375;51545921;;;;
5575;503416375;51545921;;;;
5576;503416375;51545921;;;;
5580;503416375;51545921;;;;
5590;503416375;51545921;;;;
5640;504637965;48653799;;;;
5644;504637965;48653799;;;;
6000;503758689;44450402;;;;
6001;503758689;44450402;;;;
6010;503758689;44450402;;;;
6020;503758689;44450402;;;;
6030;503758689;44450402;;;;
6031;503758689;44450402;;;;
6032;503758689;44450402;;;;
6040;503758689;44450402;;;;
6041;503758689;44450402;;;;
6042;503758689;44450402;;;;
6043;503758689;44450402;;;;
6044;503758689;44450402;;;;
6060;503758689;44450402;;;;
6061;503758689;44450402;;;;
6110;503758689;44450402;;;;
6111;504029691;43632498;;;;
6120;504029691;43632498;;;;
6140;503758689;44450402;;;;
6141;503758689;44450402;;;;
6142;503758689;44450402;;;;
6150;504029691;43632498;;;;
6180;503758689;44450402;;;;
6181;503758689;44450402;;;;
6182;503758689;44450402;;;;
6183;503758689;44450402;;;;
6200;503758689;44450402;;;;
6210;503758689;44450402;;;;
6211;503758689;44450402;;;;
6220;503758689;44450402;;;;
6221;503758689;44450402;;;;
6222;503758689;44450402;;;;
6223;503758689;44450402;;;;
6224;503758689;44450402;;;;
6230;503758689;44450402;;;;
6238;503758689;44450402;;;;
6240;503758689;44450402;;;;
6250;503758689;44450402;;;;
6280;503758689;44450402;;;;
6440;504029691;43632498;;;;
6441;504029691;43632498;;;;
6460;504029691;43632498;;;;
6461;504029691;43632498;;;;
6464;504029691;43632498;;;;
6470;504029691;43632498;;;;
6500;504029691;43632498;;;;
6511;504029691;43632498;;;;
6530;504029691;43632498;;;;
6531;504029691;43632498;;;;
6532;504029691;43632498;;;;
6533;504029691;43632498;;;;
6534;504029691;43632498;;;;
6536;504029691;43632498;;;;
6540;504029691;43632498;;;;
6542;504029691;43632498;;;;
6560;504029691;43632498;;;;
6567;504029691;43632498;;;;
6590;504029691;43632498;;;;
6591;504029691;43632498;;;;
6593;504029691;43632498;;;;
6596;504029691;43632498;;;;
6630;498331788;57337781;;;;
6700;498331788;57337781;;;;
6704;498331788;57337781;;;;
6717;498331788;57337781;;;;
6780;498331788;57337781;;;;
6781;498331788;57337781;;;;
6782;498331788;57337781;;;;
6790;498331788;57337781;;;;
6791;498331788;57337781;;;;
6792;498331788;57337781;;;;
6800;499216896;53793412;;;;
6830;499216896;53793412;;;;
6831;499216896;53793412;;;;
6832;499216896;53793412;;;;
6833;499216896;53793412;;;;
6834;499216896;53793412;;;;
6836;499216896;53793412;;;;
6838;499216896;53793412;;;;
6840;499216896;53793412;;;;
6850;499216896;53793412;;;;
6852;499216896;53793412;;;;
6860;499216896;53793412;;;;
6870;499216896;53793412;;;;
6880;499216896;53793412;;;;
6887;499216896;53793412;;;;
6890;499216896;53793412;;;;
6900;502155271;53365069;;;;
6920;499216896;53793412;;;;
6921;499216896;53793412;;;;
6924;499216896;53793412;;;;
6927;499216896;53793412;;;;
6929;499216896;53793412;;;;
6940;502155271;53365069;;;;
6941;502155271;53365069;;;;
6950;502155271;53365069;;;;
6951;502155271;53365069;;;;
6953;502155271;53365069;;;;
6960;502155271;53365069;;;;
6970;502155271;53365069;;;;
6971;502155271;53365069;;;;
6980;502155271;53365069;;;;
6982;502155271;53365069;;;;
6983;502155271;53365069;;;;
6986;502155271;53365069;;;;
6987;502155271;53365069;;;;
6990;502155271;53365069;;;;
6997;502155271;53365069;;;;
7000;504542992;39478941;;;;
7011;504542992;39478941;;;;
7012;504542992;39478941;;;;
7020;504542992;39478941;;;;
7021;504542992;39478941;;;;
7022;504542992;39478941;;;;
7024;504542992;39478941;;;;
7030;504542992;39478941;;;;
7031;504542992;39478941;;;;
7032;504542992;39478941;;;;
7033;504542992;39478941;;;;
7034;504542992;39478941;;;;
7040;504542992;39478941;;;;
7041;504542992;39478941;;;;
7050;504542992;39478941;;;;
7060;505697361;40709826;;;;
7061;505697361;40709826;;;;
7062;505697361;40709826;;;;
7063;505697361;40709826;;;;
7070;505697361;40709826;;;;
7080;504542992;39478941;;;;
7090;505697361;40709826;;;;
7100;505697361;40709826;;;;
7110;505697361;40709826;;;;
7120;504029691;43632498;;;;
7130;504029691;43632498;;;;
7131;504029691;43632498;;;;
7133;504029691;43632498;;;;
7134;504029691;43632498;;;;
7140;504029691;43632498;;;;
7141;504029691;43632498;;;;
7160;503758689;44450402;;;;
7170;503758689;44450402;;;;
7180;503758689;44450402;;;;
7181;503758689;44450402;;;;
7190;505697361;40709826;;;;
7191;505697361;40709826;;;;
7300;504542992;39478941;;;;
7301;504542992;39478941;;;;
7320;504802386;36878804;;;;
7321;504802386;36878804;;;;
7322;504802386;36878804;;;;
7330;504542992;39478941;;;;
7331;504542992;39478941;;;;
7332;504542992;39478941;;;;
7333;504542992;39478941;;;;
7334;504542992;39478941;;;;
7340;504542992;39478941;;;;
7350;504542992;39478941;;;;
7370;504542992;39478941;;;;
7380;504542992;39478941;;;;
7382;504542992;39478941;;;;
7387;504542992;39478941;;;;
7390;504542992;39478941;;;;
7500;506058547;33941982;;;;
7501;506058547;33941982;;;;
7502;506058547;33941982;;;;
7503;506058547;33941982;;;;
7504;506058547;33941982;;;;
7506;506058547;33941982;;;;
7520;506058547;33941982;;;;
7521;506058547;33941982;;;;
7522;506058547;33941982;;;;
7530;506058547;33941982;;;;
7531;506058547;33941982;;;;
7532;506058547;33941982;;;;
7534;506058547;33941982;;;;
7536;506058547;33941982;;;;
7538;506058547;33941982;;;;
7540;506058547;33941982;;;;
7542;506058547;33941982;;;;
7543;506058547;33941982;;;;
7548;506058547;33941982;;;;
7600;506058547;33941982;;;;
7601;506058547;33941982;;;;
7602;506058547;33941982;;;;
7603;506058547;33941982;;;;
7604;506058547;33941982;;;;
7608;506058547;33941982;;;;
7610;506058547;33941982;;;;
7611;506058547;33941982;;;;
7618;506058547;33941982;;;;
7620;506058547;33941982;;;;
7621;506058547;33941982;;;;
7622;506058547;33941982;;;;
7623;506058547;33941982;;;;
7640;506058547;33941982;;;;
7641;506058547;33941982;;;;
7642;506058547;33941982;;;;
7643;506058547;33941982;;;;
7700;507473125;32120664;;;;
7711;507473125;32120664;;;;
7712;507473125;32120664;;;;
7730;506058547;33941982;;;;
7740;506058547;33941982;;;;
7742;506058547;33941982;;;;
7743;506058547;33941982;;;;
7750;506058547;33941982;;;;
7760;506058547;33941982;;;;
7780;507473125;32120664;;;;
7782;507473125;32120664;;;;
7784;507473125;32120664;;;;
7800;504802386;36878804;;;;
7801;504802386;36878804;;;;
7802;504802386;36878804;;;;
7803;504802386;36878804;;;;
7804;504802386;36878804;;;;
7810;504802386;36878804;;;;
7811;504802386;36878804;;;;
7812;504802386;36878804;;;;
7822;504802386;36878804;;;;
7823;504802386;36878804;;;;
7830;505697361;40709826;;;;
7850;505697361;40709826;;;;
7860;505697361;40709826;;;;
7861;505697361;40709826;;;;
7863;505697361;40709826;;;;
7864;505697361;40709826;;;;
7866;505697361;40709826;;;;
7870;504542992;39478941;;;;
7880;504802386;36878804;;;;
7890;504802386;36878804;;;;
7900;506058547;33941982;;;;
7901;506058547;33941982;;;;
7903;506058547;33941982;;;;
7904;506058547;33941982;;;;
7906;506058547;33941982;;;;
7910;504802386;36878804;;;;
7911;504802386;36878804;;;;
7912;504802386;36878804;;;;
7940;504802386;36878804;;;;
7942;504802386;36878804;;;;
7943;504802386;36878804;;;;
7950;504802386;36878804;;;;
7951;504802386;36878804;;;;
7970;504802386;36878804;;;;
7971;504802386;36878804;;;;
7972;504802386;36878804;;;;
7973;504802386;36878804;;;;
8000;512047555;32133624;;;;
8020;512047555;32133624;;;;
8200;512047555;32133624;;;;
8210;512047555;32133624;;;;
8211;512047555;32133624;;;;
8300;512047555;32133624;;;;
8301;512047555;32133624;;;;
8310;512047555;32133624;;;;
8340;512047555;32133624;;;;
8370;512047555;32133624;;;;
8377;512047555;32133624;;;;
8380;512047555;32133624;;;;
8400;512298406;29451214;;;;
8420;512298406;29451214;;;;
8421;512298406;29451214;;;;
8430;512298406;29451214;;;;
8431;512298406;29451214;;;;
8432;512298406;29451214;;;;
8433;512298406;29451214;;;;
8434;512298406;29451214;;;;
8450;512298406;29451214;;;;
8460;512298406;29451214;;;;
8470;512298406;29451214;;;;
8480;512298406;29451214;;;;
8490;512047555;32133624;;;;
8500;508264746;32596638;;;;
8501;508264746;32596638;;;;
8510;508264746;32596638;;;;
8511;508264746;32596638;;;;
8520;508264746;32596638;;;;
8530;508264746;32596638;;;;
8531;508264746;32596638;;;;
8540;508264746;32596638;;;;
8550;508264746;32596638;;;;
8551;508264746;32596638;;;;
8552;508264746;32596638;;;;
8553;508264746;32596638;;;;
8554;508264746;32596638;;;;
8560;508264746;32596638;;;;
8570;508264746;32596638;;;;
8572;508264746;32596638;;;;
8573;508264746;32596638;;;;
8580;508264746;32596638;;;;
8581;508264746;32596638;;;;
8582;508264746;32596638;;;;
8587;508264746;32596638;;;;
8620;511429491;27336524;;;;
8630;511429491;27336524;;;;
8660;511429491;27336524;;;;
8670;511429491;27336524;;;;
8690;511429491;27336524;;;;
8700;509939249;33257871;;;;
8710;509939249;33257871;;;;
8720;509939249;33257871;;;;
8730;512047555;32133624;;;;
8740;509939249;33257871;;;;
8750;509939249;33257871;;;;
8755;509939249;33257871;;;;
8760;509939249;33257871;;;;
8780;509939249;33257871;;;;
8790;508264746;32596638;;;;
8791;508264746;32596638;;;;
8792;508264746;32596638;;;;
8793;508264746;32596638;;;;
8820;512047555;32133624;;;;
8850;509939249;33257871;;;;
8860;508264746;32596638;;;;
8930;508264746;32596638;;;;
9000;510688932;37293911;;;;
9030;510688932;37293911;;;;
9031;510688932;37293911;;;;
9032;510688932;37293911;;;;
9040;510688932;37293911;;;;
9041;510688932;37293911;;;;
9042;510688932;37293911;;;;
9050;510688932;37293911;;;;
9051;510688932;37293911;;;;
9052;510688932;37293911;;;;
9070;510688932;37293911;;;;
9080;510688932;37293911;;;;
9090;510688932;37293911;;;;
9100;511926926;41782741;;;;
9111;511926926;41782741;;;;
9112;511926926;41782741;;;;
9120;511926926;41782741;;;;
9130;511926926;41782741;;;;
9140;511926926;41782741;;;;
9150;511926926;41782741;;;;
9160;511926926;41782741;;;;
9170;511926926;41782741;;;;
9180;510688932;37293911;;;;
9185;510688932;37293911;;;;
9190;511926926;41782741;;;;
9200;510619648;41098961;;;;
9220;510619648;41098961;;;;
9230;510619648;41098961;;;;
9240;510619648;41098961;;;;
9250;510619648;41098961;;;;
9255;510619648;41098961;;;;
9260;510619648;41098961;;;;
9270;510619648;41098961;;;;
9280;510619648;41098961;;;;
9290;510619648;41098961;;;;
9300;509449121;40400705;;;;
9308;509449121;40400705;;;;
9310;509449121;40400705;;;;
9320;509449121;40400705;;;;
9340;509449121;40400705;;;;
9400;509449121;40400705;;;;
9401;509449121;40400705;;;;
9402;509449121;40400705;;;;
9403;509449121;40400705;;;;
9404;509449121;40400705;;;;
9406;509449121;40400705;;;;
9420;509449121;40400705;;;;
9450;509449121;40400705;;;;
9451;509449121;40400705;;;;
9470;509449121;40400705;;;;
9472;509449121;40400705;;;;
9473;509449121;40400705;;;;
9500;509449121;40400705;;;;
9506;509449121;40400705;;;;
9520;509449121;40400705;;;;
9550;509449121;40400705;;;;
9551;509449121;40400705;;;;
9552;509449121;40400705;;;;
9570;508108574;37969124;;;;
9572;508108574;37969124;;;;
9600;508108574;37969124;;;;
9620;509449121;40400705;;;;
9630;508108574;37969124;;;;
9660;508108574;37969124;;;;
9661;508108574;37969124;;;;
9667;508108574;37969124;;;;
9680;508108574;37969124;;;;
9681;508108574;37969124;;;;
9688;508108574;37969124;;;;
9690;508108574;37969124;;;;
9700;508108574;37969124;;;;
9750;508108574;37969124;;;;
9770;508108574;37969124;;;;
9771;508108574;37969124;;;;
9772;508108574;37969124;;;;
9790;508108574;37969124;;;;
9800;510688932;37293911;;;;
9810;510688932;37293911;;;;
9820;510688932;37293911;;;;
9830;510688932;37293911;;;;
9831;510688932;37293911;;;;
9840;510688932;37293911;;;;
9850;510688932;37293911;;;;
9860;510688932;37293911;;;;
9870;510688932;37293911;;;;
9880;510688932;37293911;;;;
9881;510688932;37293911;;;;
9890;510688932;37293911;;;;
9910;510688932;37293911;;;;
9930;510688932;37293911;;;;
9932;510688932;37293911;;;;
9940;510688932;37293911;;;;
;;;;;;
;;;;;;
;;;;;;
;;;;;;
;;;;;;
;;;;;;
;;;;;;
;;;;;;
;;;;;;
;;;;;;
;;;;;;
;;;;;;
;;;;;;
;;;;;;
;;;;;;
;;;;;;
;;;;;;
;;;;;;
;;;;;;
;;;;;;
;;;;;;
;;;;;;
;;;;;;
;;;;;;
;;;;;;
;;;;;;
;;;;;;
;;;;;;
;;;;;;
;;;;;;
;;;;;;
;;;;;;
;;;;;;
;;;;;;
;;;;;;
;;;;;;
;;;;;;
;;;;;;
;;;;;;
;;;;;;
;;;;;;
;;;;;;
;;;;;;
;;;;;;
;;;;;;
;;;;;;
;;;;;;
;;;;;;
;;;;;;
;;;;;;
;;;;;;
;;;;;;
;;;;;;
;;;;;;
;;;;;;
;;;;;;
;;;;;;
;;;;;;
;;;;;;
;;;;;;
;;;;;;
;;;;;;
;;;;;;
;;;;;;
;;;;;;
;;;;;;
;;;;;;
;;;;;;
;;;;;;
;;;;;;
;;;;;;
;;;;;;
;;;;;;
;;;;;;
;;;;;;
;;;;;;
;;;;;;
;;;;;;
;;;;;;
;;;;;;
;;;;;;
;;;;;;
;;;;;;
;;;;;;
;;;;;;
;;;;;;
;;;;;;
;;;;;;
;;;;;;
;;;;;;
;;;;;;
;;;;;;
;;;;;;
;;;;;;
;;;;;;
;;;;;;
;;;;;;
;;;;;;
;;;;;;
;;;;;;
;;;;;;
;;;;;;
;;;;;;
;;;;;;
;;;;;;
;;;;;;
;;;;;;
;;;;;;
;;;;;;
;;;;;;
;;;;;;
;;;;;;
;;;;;;
;;;;;;
;;;;;;
;;;;;;
;;;;;;
;;;;;;
;;;;;;
;;;;;;
;;;;;;
;;;;;;
;;;;;;
;;;;;;
;;;;;;
;;;;;;
;;;;;;
;;;;;;
;;;;;;
;;;;;;
;;;;;;
;;;;;;
;;;;;;
;;;;;;
;;;;;;
;;;;;;
;;;;;;
;;;;;;
;;;;;;
;;;;;;
;;;;;;
;;;;;;
;;;;;;
;;;;;;
;;;;;;
;;;;;;
;;;;;;
;;;;;;
;;;;;;
;;;;;;
;;;;;;
;;;;;;
;;;;;;
;;;;;;
;;;;;;
;;;;;;
;;;;;;
;;;;;;
;;;;;;
;;;;;;
;;;;;;
;;;;;;
;;;;;;
;;;;;;
;;;;;;
;;;;;;
;;;;;;
;;;;;;
;;;;;;
;;;;;;
;;;;;;
;;;;;;
;;;;;;
;;;;;;
;;;;;;
;;;;;;
;;;;;;
;;;;;;
;;;;;;
;;;;;;
;;;;;;
;;;;;;
;;;;;;
;;;;;;
;;;;;;
;;;;;;
;;;;;;
;;;;;;
;;;;;;
;;;;;;
;;;;;;
;;;;;;
;;;;;;
;;;;;;
;;;;;;
;;;;;;
;;;;;;
;;;;;;
;;;;;;
;;;;;;
;;;;;;
;;;;;;
;;;;;;
;;;;;;
;;;;;;
;;;;;;
;;;;;;
;;;;;;
;;;;;;
;;;;;;
;;;;;;
;;;;;;
;;;;;;
;;;;;;
;;;;;;
;;;;;;
;;;;;;
;;;;;;
;;;;;;
;;;;;;
;;;;;;
;;;;;;
;;;;;;
;;;;;;
;;;;;;
;;;;;;
;;;;;;
;;;;;;
;;;;;;
;;;;;;
;;;;;;
;;;;;;
;;;;;;
;;;;;;
;;;;;;
;;;;;;
;;;;;;
;;;;;;
;;;;;;
;;;;;;
;;;;;;
;;;;;;
;;;;;;
;;;;;;
;;;;;;
;;;;;;
;;;;;;
;;;;;;
;;;;;;
;;;;;;
;;;;;;
;;;;;;
;;;;;;
;;;;;;
;;;;;;
;;;;;;
;;;;;;
;;;;;;
;;;;;;
;;;;;;
;;;;;;
;;;;;;
;;;;;;
;;;;;;
;;;;;;
;;;;;;
;;;;;;
;;;;;;
;;;;;;
;;;;;;
;;;;;;
;;;;;;
;;;;;;
;;;;;;
;;;;;;
;;;;;;
;;;;;;
;;;;;;
;;;;;;
;;;;;;
;;;;;;
;;;;;;
;;;;;;
;;;;;;
;;;;;;
;;;;;;
;;;;;;
;;;;;;
;;;;;;
;;;;;;
;;;;;;
;;;;;;
;;;;;;
;;;;;;
;;;;;;
;;;;;;
;;;;;;
;;;;;;
;;;;;;
;;;;;;
;;;;;;
;;;;;;
;;;;;;
;;;;;;
;;;;;;
;;;;;;
;;;;;;
;;;;;;
;;;;;;
;;;;;;
;;;;;;
;;;;;;
;;;;;;
;;;;;;
;;;;;;
;;;;;;
;;;;;;
;;;;;;
;;;;;;
;;;;;;
;;;;;;
;;;;;;
;;;;;;
;;;;;;
;;;;;;
;;;;;;
;;;;;;
;;;;;;
;;;;;;
;;;;;;
;;;;;;
;;;;;;
;;;;;;
;;;;;;
;;;;;;
;;;;;;
;;;;;;
;;;;;;
;;;;;;
;;;;;;
;;;;;;
;;;;;;
;;;;;;
;;;;;;
;;;;;;
;;;;;;
;;;;;;
;;;;;;
;;;;;;
;;;;;;
;;;;;;
;;;;;;
;;;;;;
;;;;;;
;;;;;;
;;;;;;
;;;;;;
;;;;;;
;;;;;;
;;;;;;
;;;;;;
;;;;;;
;;;;;;
;;;;;;
;;;;;;
;;;;;;
;;;;;;
;;;;;;
;;;;;;
;;;;;;
;;;;;;
;;;;;;
;;;;;;
;;;;;;
;;;;;;
;;;;;;
;;;;;;
;;;;;;
;;;;;;
;;;;;;
;;;;;;
;;;;;;
;;;;;;
;;;;;;
;;;;;;
;;;;;;
;;;;;;
;;;;;;
;;;;;;
;;;;;;
;;;;;;
;;;;;;
;;;;;;
;;;;;;
;;;;;;
;;;;;;
;;;;;;
;;;;;;
;;;;;;
;;;;;;
;;;;;;
;;;;;;
;;;;;;
;;;;;;
;;;;;;
;;;;;;
;;;;;;
;;;;;;
;;;;;;
;;;;;;
;;;;;;
;;;;;;
;;;;;;
;;;;;;
;;;;;;
;;;;;;
;;;;;;
;;;;;;
;;;;;;
;;;;;;
;;;;;;
;;;;;;
;;;;;;
;;;;;;
;;;;;;
;;;;;;
;;;;;;
;;;;;;
;;;;;;
;;;;;;
;;;;;;
;;;;;;
;;;;;;
;;;;;;
;;;;;;
;;;;;;
;;;;;;
;;;;;;
;;;;;;
;;;;;;
;;;;;;
;;;;;;
;;;;;;
;;;;;;
;;;;;;
;;;;;;
;;;;;;
;;;;;;
;;;;;;
;;;;;;
;;;;;;
;;;;;;
;;;;;;
;;;;;;
;;;;;;
;;;;;;
;;;;;;
;;;;;;
;;;;;;
;;;;;;
;;;;;;
;;;;;;
;;;;;;
;;;;;;
;;;;;;
;;;;;;
;;;;;;
;;;;;;
;;;;;;
;;;;;;
;;;;;;
;;;;;;
;;;;;;
;;;;;;
;;;;;;
;;;;;;
;;;;;;
;;;;;;
;;;;;;
;;;;;;
;;;;;;
;;;;;;
;;;;;;
;;;;;;
;;;;;;
;;;;;;
;;;;;;
;;;;;;
;;;;;;
;;;;;;
;;;;;;
;;;;;;
;;;;;;
;;;;;;
;;;;;;
;;;;;;
;;;;;;
;;;;;;
;;;;;;
;;;;;;
;;;;;;
;;;;;;
;;;;;;
;;;;;;
;;;;;;
;;;;;;
;;;;;;
;;;;;;
;;;;;;
;;;;;;
;;;;;;
;;;;;;
;;;;;;
;;;;;;
;;;;;;
;;;;;;
;;;;;;
;;;;;;
;;;;;;
;;;;;;
;;;;;;
;;;;;;
;;;;;;
;;;;;;
;;;;;;
;;;;;;
;;;;;;
;;;;;;
;;;;;;
;;;;;;
;;;;;;
;;;;;;
;;;;;;
;;;;;;
;;;;;;
;;;;;;
;;;;;;
;;;;;;
;;;;;;
;;;;;;
;;;;;;
;;;;;;
;;;;;;
;;;;;;
;;;;;;
;;;;;;
;;;;;;
;;;;;;
;;;;;;
;;;;;;
;;;;;;
;;;;;;
;;;;;;
;;;;;;
;;;;;;
;;;;;;
;;;;;;
;;;;;;
;;;;;;
;;;;;;
;;;;;;
;;;;;;
;;;;;;
;;;;;;
;;;;;;
;;;;;;
;;;;;;
;;;;;;
;;;;;;
;;;;;;
;;;;;;
;;;;;;
;;;;;;
;;;;;;
;;;;;;
;;;;;;
;;;;;;
;;;;;;
;;;;;;
;;;;;;
;;;;;;
;;;;;;
;;;;;;
;;;;;;
;;;;;;
;;;;;;
;;;;;;
;;;;;;
;;;;;;
;;;;;;
;;;;;;
;;;;;;
;;;;;;
;;;;;;
;;;;;;
;;;;;;
;;;;;;
;;;;;;
;;;;;;
;;;;;;
;;;;;;
;;;;;;
;;;;;;
;;;;;;
;;;;;;
;;;;;;
;;;;;;
;;;;;;
;;;;;;
;;;;;;
;;;;;;
;;;;;;
;;;;;;
;;;;;;
;;;;;;
;;;;;;
;;;;;;
;;;;;;
;;;;;;
;;;;;;
;;;;;;
;;;;;;
;;;;;;
;;;;;;
;;;;;;
;;;;;;
;;;;;;
;;;;;;
;;;;;;
;;;;;;
;;;;;;
;;;;;;
;;;;;;
;;;;;;
;;;;;;
;;;;;;
;;;;;;
;;;;;;
;;;;;;
;;;;;;
;;;;;;
;;;;;;
;;;;;;
;;;;;;
;;;;;;
;;;;;;
;;;;;;
;;;;;;
;;;;;;
;;;;;;
;;;;;;
;;;;;;
;;;;;;
;;;;;;
;;;;;;
;;;;;;
;;;;;;
;;;;;;
;;;;;;
;;;;;;
;;;;;;
;;;;;;
;;;;;;
;;;;;;
;;;;;;
;;;;;;
;;;;;;
;;;;;;
;;;;;;
;;;;;;
;;;;;;
;;;;;;
;;;;;;
;;;;;;
;;;;;;
;;;;;;
;;;;;;
;;;;;;
;;;;;;
;;;;;;
;;;;;;
;;;;;;
;;;;;;
;;;;;;
;;;;;;
;;;;;;
;;;;;;
;;;;;;
;;;;;;
;;;;;;
;;;;;;
;;;;;;
;;;;;;
;;;;;;
;;;;;;
;;;;;;
;;;;;;
;;;;;;
;;;;;;
;;;;;;
;;;;;;
;;;;;;
;;;;;;
;;;;;;
;;;;;;
;;;;;;
;;;;;;
;;;;;;
;;;;;;
;;;;;;
;;;;;;
;;;;;;
;;;;;;
;;;;;;
;;;;;;
;;;;;;
;;;;;;
;;;;;;
;;;;;;
;;;;;;
;;;;;;
;;;;;;
;;;;;;
;;;;;;
;;;;;;
;;;;;;
;;;;;;
;;;;;;
;;;;;;
;;;;;;
;;;;;;
;;;;;;
;;;;;;
;;;;;;
;;;;;;
;;;;;;
;;;;;;
;;;;;;
;;;;;;
;;;;;;
;;;;;;
;;;;;;
;;;;;;
;;;;;;
;;;;;;
;;;;;;
;;;;;;
;;;;;;
;;;;;;
;;;;;;
;;;;;;
;;;;;;
;;;;;;
;;;;;;
;;;;;;
;;;;;;
;;;;;;
;;;;;;
;;;;;;
;;;;;;
;;;;;;
;;;;;;
;;;;;;
;;;;;;
;;;;;;
;;;;;;
;;;;;;
;;;;;;
;;;;;;
;;;;;;
;;;;;;
;;;;;;
;;;;;;
;;;;;;
;;;;;;
;;;;;;
;;;;;;
;;;;;;
;;;;;;
;;;;;;
;;;;;;
;;;;;;
;;;;;;
;;;;;;
;;;;;;
;;;;;;
;;;;;;
;;;;;;
;;;;;;
;;;;;;
;;;;;;
;;;;;;
;;;;;;
;;;;;;
;;;;;;
;;;;;;
;;;;;;
;;;;;;
;;;;;;
;;;;;;
;;;;;;
;;;;;;
;;;;;;
;;;;;;
;;;;;;
;;;;;;
;;;;;;
;;;;;;
;;;;;;
;;;;;;
;;;;;;
;;;;;;
;;;;;;
;;;;;;
;;;;;;
;;;;;;
;;;;;;
;;;;;;
;;;;;;
;;;;;;
;;;;;;
;;;;;;
;;;;;;
;;;;;;
;;;;;;
;;;;;;
;;;;;;
;;;;;;
;;;;;;
;;;;;;
;;;;;;
;;;;;;
;;;;;;
;;;;;;
;;;;;;
;;;;;;
;;;;;;
;;;;;;
;;;;;;
;;;;;;
;;;;;;
;;;;;;
;;;;;;
;;;;;;
;;;;;;
;;;;;;
;;;;;;
;;;;;;
;;;;;;
;;;;;;
;;;;;;
;;;;;;
;;;;;;
;;;;;;
;;;;;;
;;;;;;
;;;;;;
;;;;;;
;;;;;;
;;;;;;
;;;;;;
;;;;;;
;;;;;;
;;;;;;
;;;;;;
;;;;;;
;;;;;;
;;;;;;
;;;;;;
;;;;;;
;;;;;;
;;;;;;
;;;;;;
;;;;;;
;;;;;;
;;;;;;
;;;;;;
;;;;;;
;;;;;;
;;;;;;
;;;;;;
;;;;;;
;;;;;;
;;;;;;
;;;;;;
;;;;;;
;;;;;;
;;;;;;
;;;;;;
;;;;;;
;;;;;;
;;;;;;
;;;;;;
;;;;;;
;;;;;;
;;;;;;
;;;;;;
;;;;;;
;;;;;;
;;;;;;
;;;;;;
;;;;;;
;;;;;;
;;;;;;
;;;;;;
;;;;;;
;;;;;;
;;;;;;
;;;;;;
;;;;;;
;;;;;;
;;;;;;
;;;;;;
;;;;;;
;;;;;;
;;;;;;
;;;;;;
;;;;;;
;;;;;;
;;;;;;
;;;;;;
;;;;;;
;;;;;;
;;;;;;
;;;;;;
;;;;;;
;;;;;;
;;;;;;
;;;;;;
;;;;;;
;;;;;;
;;;;;;
;;;;;;
;;;;;;
;;;;;;
;;;;;;
;;;;;;
;;;;;;
;;;;;;
;;;;;;
;;;;;;
;;;;;;
;;;;;;
;;;;;;
;;;;;;
;;;;;;
;;;;;;
;;;;;;
;;;;;;
;;;;;;
;;;;;;
;;;;;;
;;;;;;
;;;;;;
;;;;;;
;;;;;;
;;;;;;
;;;;;;
;;;;;;
;;;;;;
;;;;;;
;;;;;;
;;;;;;
;;;;;;
;;;;;;
;;;;;;
;;;;;;
;;;;;;
;;;;;;
;;;;;;
;;;;;;
;;;;;;
;;;;;;
;;;;;;
;;;;;;
;;;;;;
;;;;;;
;;;;;;
;;;;;;
;;;;;;
;;;;;;
;;;;;;
;;;;;;
;;;;;;
;;;;;;
;;;;;;
;;;;;;
;;;;;;
;;;;;;
;;;;;;
;;;;;;
;;;;;;
;;;;;;
;;;;;;
;;;;;;
;;;;;;
;;;;;;
;;;;;;
;;;;;;
;;;;;;
;;;;;;
;;;;;;
;;;;;;
;;;;;;
;;;;;;
;;;;;;
;;;;;;
;;;;;;
;;;;;;
;;;;;;
;;;;;;
;;;;;;
;;;;;;
;;;;;;
;;;;;;
;;;;;;
;;;;;;
;;;;;;
;;;;;;
;;;;;;
;;;;;;
;;;;;;
;;;;;;
;;;;;;
;;;;;;
;;;;;;
;;;;;;
;;;;;;
;;;;;;
;;;;;;
;;;;;;
;;;;;;
;;;;;;
;;;;;;
;;;;;;
;;;;;;
;;;;;;
;;;;;;
;;;;;;
;;;;;;
;;;;;;
;;;;;;
;;;;;;
;;;;;;
;;;;;;
;;;;;;
;;;;;;
;;;;;;
;;;;;;
;;;;;;
;;;;;;
;;;;;;
;;;;;;
;;;;;;
;;;;;;
;;;;;;
;;;;;;
;;;;;;
;;;;;;
;;;;;;
;;;;;;
;;;;;;
;;;;;;
;;;;;;
;;;;;;
;;;;;;
;;;;;;
;;;;;;
;;;;;;
;;;;;;
;;;;;;
;;;;;;
;;;;;;
;;;;;;
;;;;;;
;;;;;;
;;;;;;
;;;;;;
;;;;;;
;;;;;;
;;;;;;
;;;;;;
;;;;;;
;;;;;;
;;;;;;
;;;;;;
;;;;;;
;;;;;;
;;;;;;
;;;;;;
;;;;;;
;;;;;;
;;;;;;
;;;;;;
;;;;;;
;;;;;;
;;;;;;
;;;;;;
;;;;;;
;;;;;;
;;;;;;
;;;;;;
;;;;;;
;;;;;;
;;;;;;
;;;;;;
;;;;;;
;;;;;;
;;;;;;
;;;;;;
;;;;;;
;;;;;;
;;;;;;
;;;;;;
;;;;;;
;;;;;;
;;;;;;
;;;;;;
;;;;;;
;;;;;;
;;;;;;
;;;;;;
;;;;;;
;;;;;;
;;;;;;
;;;;;;
;;;;;;
;;;;;;
;;;;;;
;;;;;;
;;;;;;
;;;;;;
;;;;;;
;;;;;;
;;;;;;
;;;;;;
;;;;;;
;;;;;;
;;;;;;
;;;;;;
;;;;;;
;;;;;;
;;;;;;
;;;;;;
;;;;;;
;;;;;;
;;;;;;
;;;;;;
;;;;;;
;;;;;;
;;;;;;
;;;;;;
;;;;;;
;;;;;;
;;;;;;
;;;;;;
;;;;;;
;;;;;;
;;;;;;
;;;;;;
;;;;;;
;;;;;;
;;;;;;
;;;;;;
;;;;;;
;;;;;;
;;;;;;
;;;;;;
;;;;;;
;;;;;;
;;;;;;
;;;;;;
;;;;;;
;;;;;;
;;;;;;
;;;;;;
;;;;;;
;;;;;;
;;;;;;
;;;;;;
;;;;;;
;;;;;;
;;;;;;
;;;;;;
;;;;;;
;;;;;;
;;;;;;
;;;;;;
;;;;;;
;;;;;;
;;;;;;
;;;;;;
;;;;;;
;;;;;;
;;;;;;
;;;;;;
;;;;;;
;;;;;;
;;;;;;
;;;;;;
;;;;;;
;;;;;;
;;;;;;
;;;;;;
;;;;;;
;;;;;;
;;;;;;
;;;;;;
;;;;;;
;;;;;;
;;;;;;
;;;;;;
;;;;;;
;;;;;;
;;;;;;
;;;;;;
;;;;;;
;;;;;;
;;;;;;
;;;;;;
;;;;;;
;;;;;;
;;;;;;
;;;;;;
;;;;;;
;;;;;;
;;;;;;
;;;;;;
;;;;;;
;;;;;;
;;;;;;
;;;;;;
;;;;;;
;;;;;;
;;;;;;
;;;;;;
;;;;;;
;;;;;;
;;;;;;
;;;;;;
;;;;;;
;;;;;;
;;;;;;
;;;;;;
;;;;;;
;;;;;;
;;;;;;
;;;;;;
;;;;;;
;;;;;;
;;;;;;
;;;;;;
;;;;;;
;;;;;;
;;;;;;
;;;;;;
;;;;;;
;;;;;;
;;;;;;
;;;;;;
;;;;;;
;;;;;;
;;;;;;
;;;;;;
;;;;;;
;;;;;;
;;;;;;
;;;;;;
;;;;;;
;;;;;;
;;;;;;
;;;;;;
;;;;;;
;;;;;;
;;;;;;
;;;;;;
;;;;;;
;;;;;;
;;;;;;
;;;;;;
;;;;;;
;;;;;;
;;;;;;
;;;;;;
;;;;;;
;;;;;;
;;;;;;
;;;;;;
;;;;;;
;;;;;;
;;;;;;
;;;;;;
;;;;;;
;;;;;;
;;;;;;
;;;;;;
;;;;;;
;;;;;;
;;;;;;
;;;;;;
;;;;;;
;;;;;;
;;;;;;
;;;;;;
;;;;;;
;;;;;;
;;;;;;
;;;;;;
;;;;;;
;;;;;;
;;;;;;
;;;;;;
;;;;;;
;;;;;;
;;;;;;
;;;;;;
;;;;;;
;;;;;;
;;;;;;
;;;;;;
;;;;;;
;;;;;;
;;;;;;
;;;;;;
;;;;;;
;;;;;;
;;;;;;
;;;;;;
;;;;;;
;;;;;;
;;;;;;
;;;;;;
;;;;;;
;;;;;;
;;;;;;
;;;;;;
;;;;;;
;;;;;;
;;;;;;
;;;;;;
;;;;;;
;;;;;;
;;;;;;
;;;;;;
;;;;;;
;;;;;;
;;;;;;
;;;;;;
;;;;;;
;;;;;;
;;;;;;
;;;;;;
;;;;;;
;;;;;;
;;;;;;
;;;;;;
;;;;;;
;;;;;;
;;;;;;
;;;;;;
;;;;;;
;;;;;;
;;;;;;
;;;;;;
;;;;;;
;;;;;;
;;;;;;
;;;;;;
;;;;;;
;;;;;;
;;;;;;
;;;;;;
;;;;;;
;;;;;;
;;;;;;
;;;;;;
;;;;;;
;;;;;;
;;;;;;
;;;;;;
;;;;;;
;;;;;;
;;;;;;
;;;;;;
;;;;;;
;;;;;;
;;;;;;
;;;;;;
;;;;;;
;;;;;;
;;;;;;
;;;;;;
;;;;;;
;;;;;;
;;;;;;
;;;;;;
;;;;;;
;;;;;;
;;;;;;
;;;;;;
;;;;;;
;;;;;;
;;;;;;
;;;;;;
;;;;;;
;;;;;;
;;;;;;
;;;;;;
;;;;;;
;;;;;;
;;;;;;
;;;;;;
;;;;;;
;;;;;;
;;;;;;
;;;;;;
;;;;;;
;;;;;;
;;;;;;
;;;;;;
;;;;;;
;;;;;;
;;;;;;
;;;;;;
;;;;;;
;;;;;;
;;;;;;
;;;;;;
;;;;;;
;;;;;;
;;;;;;
;;;;;;
;;;;;;
;;;;;;
;;;;;;
;;;;;;
;;;;;;
;;;;;;
;;;;;;
;;;;;;
;;;;;;
;;;;;;
;;;;;;
;;;;;;
;;;;;;
;;;;;;
;;;;;;
;;;;;;
;;;;;;
;;;;;;
;;;;;;
;;;;;;
;;;;;;
;;;;;;
;;;;;;
;;;;;;
;;;;;;
;;;;;;
;;;;;;
;;;;;;
;;;;;;
;;;;;;
;;;;;;
;;;;;;
;;;;;;
;;;;;;
;;;;;;
;;;;;;
;;;;;;
;;;;;;
;;;;;;
;;;;;;
;;;;;;
;;;;;;
;;;;;;
;;;;;;
;;;;;;
;;;;;;
;;;;;;
;;;;;;
;;;;;;
;;;;;;
;;;;;;
;;;;;;
;;;;;;
;;;;;;
;;;;;;
;;;;;;
;;;;;;
;;;;;;
;;;;;;
;;;;;;
;;;;;;
;;;;;;
;;;;;;
;;;;;;
;;;;;;
;;;;;;
;;;;;;
;;;;;;
;;;;;;
;;;;;;
;;;;;;
;;;;;;
;;;;;;
;;;;;;
;;;;;;
;;;;;;
;;;;;;
;;;;;;
;;;;;;
;;;;;;
;;;;;;
;;;;;;
;;;;;;
;;;;;;
;;;;;;
;;;;;;
;;;;;;
;;;;;;
;;;;;;
;;;;;;
;;;;;;
;;;;;;
;;;;;;
;;;;;;
;;;;;;
;;;;;;
;;;;;;
;;;;;;
;;;;;;
;;;;;;
;;;;;;
;;;;;;
;;;;;;
;;;;;;
;;;;;;
;;;;;;
;;;;;;
;;;;;;
;;;;;;
;;;;;;
;;;;;;
;;;;;;
;;;;;;
;;;;;;
;;;;;;
;;;;;;
;;;;;;
;;;;;;
;;;;;;
;;;;;;
;;;;;;
;;;;;;
;;;;;;
;;;;;;
;;;;;;
;;;;;;
;;;;;;
;;;;;;
;;;;;;
;;;;;;
;;;;;;
;;;;;;
;;;;;;
;;;;;;
;;;;;;
;;;;;;
;;;;;;
;;;;;;
;;;;;;
;;;;;;
;;;;;;
;;;;;;
;;;;;;
;;;;;;
;;;;;;
;;;;;;
;;;;;;
;;;;;;
;;;;;;
;;;;;;
;;;;;;
;;;;;;
;;;;;;
;;;;;;
;;;;;;
;;;;;;
;;;;;;
;;;;;;
;;;;;;
;;;;;;
;;;;;;
;;;;;;
;;;;;;
;;;;;;
;;;;;;
;;;;;;
;;;;;;
;;;;;;
;;;;;;
;;;;;;
;;;;;;
;;;;;;
;;;;;;
;;;;;;
;;;;;;
;;;;;;
;;;;;;
;;;;;;
;;;;;;
;;;;;;
;;;;;;
;;;;;;
;;;;;;
;;;;;;
;;;;;;
;;;;;;
;;;;;;
;;;;;;
;;;;;;
;;;;;;
;;;;;;
;;;;;;
;;;;;;
;;;;;;
;;;;;;
;;;;;;
;;;;;;
;;;;;;
;;;;;;
;;;;;;
;;;;;;
;;;;;;
;;;;;;
;;;;;;
;;;;;;
;;;;;;
;;;;;;
;;;;;;
;;;;;;
;;;;;;
;;;;;;
;;;;;;
;;;;;;
;;;;;;
;;;;;;
;;;;;;
;;;;;;
;;;;;;
;;;;;;
;;;;;;
;;;;;;
;;;;;;
;;;;;;
;;;;;;
;;;;;;
;;;;;;
;;;;;;
;;;;;;
;;;;;;
;;;;;;
;;;;;;
;;;;;;
;;;;;;
;;;;;;
;;;;;;
;;;;;;
;;;;;;
;;;;;;
;;;;;;
;;;;;;
;;;;;;
;;;;;;
;;;;;;
;;;;;;
;;;;;;
;;;;;;
;;;;;;
;;;;;;
;;;;;;
;;;;;;
;;;;;;
;;;;;;
;;;;;;
;;;;;;
;;;;;;
;;;;;;
;;;;;;
;;;;;;
;;;;;;
;;;;;;
;;;;;;
;;;;;;
;;;;;;
;;;;;;
;;;;;;
;;;;;;
;;;;;;
;;;;;;
;;;;;;
;;;;;;
;;;;;;
;;;;;;
;;;;;;
;;;;;;
;;;;;;
;;;;;;
;;;;;;
;;;;;;
;;;;;;
;;;;;;
;;;;;;
;;;;;;
;;;;;;
;;;;;;
;;;;;;
;;;;;;
;;;;;;
;;;;;;
;;;;;;
;;;;;;
;;;;;;
;;;;;;
;;;;;;
;;;;;;
;;;;;;
;;;;;;
;;;;;;
;;;;;;
;;;;;;
;;;;;;
;;;;;;
;;;;;;
;;;;;;
;;;;;;
;;;;;;
;;;;;;
;;;;;;
;;;;;;
;;;;;;
;;;;;;
;;;;;;
;;;;;;
;;;;;;
;;;;;;
;;;;;;
;;;;;;
;;;;;;
;;;;;;
;;;;;;
;;;;;;
;;;;;;
;;;;;;
;;;;;;
;;;;;;
;;;;;;
;;;;;;
;;;;;;
;;;;;;
;;;;;;
;;;;;;
;;;;;;
;;;;;;
;;;;;;
;;;;;;
;;;;;;
;;;;;;
;;;;;;
;;;;;;
;;;;;;
;;;;;;
;;;;;;
;;;;;;
;;;;;;
;;;;;;
;;;;;;
;;;;;;
;;;;;;
;;;;;;
;;;;;;
;;;;;;
;;;;;;
;;;;;;
;;;;;;
;;;;;;
;;;;;;
;;;;;;
;;;;;;
;;;;;;
;;;;;;
;;;;;;
;;;;;;
;;;;;;
;;;;;;
;;;;;;
;;;;;;
;;;;;;
;;;;;;
;;;;;;
;;;;;;
;;;;;;
;;;;;;
;;;;;;
;;;;;;
;;;;;;
;;;;;;
;;;;;;
;;;;;;
;;;;;;
;;;;;;
;;;;;;
;;;;;;
;;;;;;
;;;;;;
;;;;;;
;;;;;;
;;;;;;
;;;;;;
;;;;;;
;;;;;;
;;;;;;
;;;;;;
;;;;;;
;;;;;;
;;;;;;
;;;;;;
;;;;;;
;;;;;;
;;;;;;
;;;;;;
;;;;;;
;;;;;;
;;;;;;
;;;;;;
;;;;;;
;;;;;;
;;;;;;
;;;;;;
;;;;;;
;;;;;;
;;;;;;
;;;;;;
;;;;;;
;;;;;;
;;;;;;
;;;;;;
;;;;;;
;;;;;;
;;;;;;
;;;;;;
;;;;;;
;;;;;;
;;;;;;
;;;;;;
;;;;;;
;;;;;;
;;;;;;
;;;;;;
;;;;;;
;;;;;;
;;;;;;
;;;;;;
;;;;;;
;;;;;;
;;;;;;
;;;;;;
;;;;;;
;;;;;;
;;;;;;
;;;;;;
;;;;;;
;;;;;;
;;;;;;
;;;;;;
;;;;;;
;;;;;;
;;;;;;
;;;;;;
;;;;;;
;;;;;;
;;;;;;
;;;;;;
;;;;;;
;;;;;;
;;;;;;
;;;;;;
;;;;;;
;;;;;;
;;;;;;
;;;;;;
;;;;;;
;;;;;;
;;;;;;
;;;;;;
;;;;;;
;;;;;;
;;;;;;
;;;;;;
;;;;;;
;;;;;;
;;;;;;
;;;;;;
;;;;;;
;;;;;;
;;;;;;
;;;;;;
;;;;;;
;;;;;;
;;;;;;
;;;;;;
;;;;;;
;;;;;;
;;;;;;
;;;;;;
;;;;;;
;;;;;;
;;;;;;
;;;;;;
;;;;;;
;;;;;;
;;;;;;
;;;;;;
;;;;;;
;;;;;;
;;;;;;
;;;;;;
;;;;;;
;;;;;;
;;;;;;
;;;;;;
;;;;;;
;;;;;;
;;;;;;
;;;;;;
;;;;;;
;;;;;;
;;;;;;
;;;;;;
;;;;;;
;;;;;;
;;;;;;
;;;;;;
;;;;;;
;;;;;;
;;;;;;
;;;;;;
;;;;;;
;;;;;;
;;;;;;
;;;;;;
;;;;;;
;;;;;;
;;;;;;
;;;;;;
;;;;;;
;;;;;;
;;;;;;
;;;;;;
;;;;;;
;;;;;;
;;;;;;
;;;;;;
;;;;;;
;;;;;;
;;;;;;
;;;;;;
;;;;;;
;;;;;;
;;;;;;
;;;;;;
;;;;;;
;;;;;;
;;;;;;
;;;;;;
;;;;;;
;;;;;;
;;;;;;
;;;;;;
;;;;;;
;;;;;;
;;;;;;
;;;;;;
;;;;;;
;;;;;;
;;;;;;
;;;;;;
;;;;;;
;;;;;;
;;;;;;
;;;;;;
;;;;;;
;;;;;;
;;;;;;
;;;;;;
;;;;;;
;;;;;;
;;;;;;
;;;;;;
;;;;;;
;;;;;;
;;;;;;
;;;;;;
;;;;;;
;;;;;;
;;;;;;
;;;;;;
;;;;;;
;;;;;;
;;;;;;
;;;;;;
;;;;;;
;;;;;;
;;;;;;
;;;;;;
;;;;;;
;;;;;;
;;;;;;
;;;;;;
;;;;;;
;;;;;;
;;;;;;
;;;;;;
;;;;;;
;;;;;;
;;;;;;
;;;;;;
;;;;;;
;;;;;;
;;;;;;
;;;;;;
;;;;;;
;;;;;;
;;;;;;
;;;;;;
;;;;;;
;;;;;;
;;;;;;
;;;;;;
;;;;;;
;;;;;;
;;;;;;
;;;;;;
;;;;;;
;;;;;;
;;;;;;
;;;;;;
;;;;;;
;;;;;;
;;;;;;
;;;;;;
;;;;;;
;;;;;;
;;;;;;
;;;;;;
;;;;;;
;;;;;;
;;;;;;
;;;;;;
;;;;;;
;;;;;;
;;;;;;
;;;;;;
;;;;;;
;;;;;;
;;;;;;
;;;;;;
;;;;;;
;;;;;;
;;;;;;
;;;;;;
;;;;;;
;;;;;;
;;;;;;
;;;;;;
;;;;;;
;;;;;;
;;;;;;
;;;;;;
;;;;;;
;;;;;;
;;;;;;
;;;;;;
;;;;;;
;;;;;;
;;;;;;
;;;;;;
;;;;;;
;;;;;;
;;;;;;
;;;;;;
;;;;;;
;;;;;;
;;;;;;
;;;;;;
;;;;;;
;;;;;;
;;;;;;
;;;;;;
;;;;;;
;;;;;;
;;;;;;
;;;;;;
;;;;;;
;;;;;;
;;;;;;
;;;;;;
;;;;;;
;;;;;;
;;;;;;
;;;;;;
;;;;;;
;;;;;;
;;;;;;
;;;;;;
;;;;;;
;;;;;;
;;;;;;
;;;;;;
;;;;;;
;;;;;;
;;;;;;
;;;;;;
;;;;;;
;;;;;;
;;;;;;
;;;;;;
;;;;;;
;;;;;;
;;;;;;
;;;;;;
;;;;;;
;;;;;;
;;;;;;
;;;;;;
;;;;;;
;;;;;;
;;;;;;
;;;;;;
;;;;;;
;;;;;;
;;;;;;
;;;;;;
;;;;;;
;;;;;;
;;;;;;
;;;;;;
;;;;;;
;;;;;;
;;;;;;
;;;;;;
;;;;;;
;;;;;;
;;;;;;
;;;;;;
;;;;;;
;;;;;;
;;;;;;
;;;;;;
;;;;;;
;;;;;;
;;;;;;
;;;;;;
;;;;;;
;;;;;;
;;;;;;
;;;;;;
;;;;;;
;;;;;;
;;;;;;
;;;;;;
;;;;;;
;;;;;;
;;;;;;
;;;;;;
;;;;;;
;;;;;;
;;;;;;
;;;;;;
;;;;;;
;;;;;;
;;;;;;
;;;;;;
;;;;;;
;;;;;;
;;;;;;
;;;;;;
;;;;;;
;;;;;;
;;;;;;
;;;;;;
;;;;;;
;;;;;;
;;;;;;
;;;;;;
;;;;;;
;;;;;;
;;;;;;
;;;;;;
;;;;;;
;;;;;;
;;;;;;
;;;;;;
;;;;;;
;;;;;;
;;;;;;
;;;;;;
;;;;;;
;;;;;;
;;;;;;
;;;;;;
;;;;;;
;;;;;;
;;;;;;
;;;;;;
;;;;;;
;;;;;;
;;;;;;
;;;;;;
;;;;;;
;;;;;;
;;;;;;
;;;;;;
;;;;;;
;;;;;;
;;;;;;
;;;;;;
;;;;;;
;;;;;;
;;;;;;
;;;;;;
;;;;;;
;;;;;;
;;;;;;
;;;;;;
;;;;;;
;;;;;;
;;;;;;
;;;;;;
;;;;;;
;;;;;;
;;;;;;
;;;;;;
;;;;;;
;;;;;;
;;;;;;
;;;;;;
;;;;;;
;;;;;;
;;;;;;
;;;;;;
;;;;;;
;;;;;;
;;;;;;
;;;;;;
;;;;;;
;;;;;;
;;;;;;
;;;;;;
;;;;;;
;;;;;;
;;;;;;
;;;;;;
;;;;;;
;;;;;;
;;;;;;
;;;;;;
;;;;;;
;;;;;;
;;;;;;
;;;;;;
;;;;;;
;;;;;;
;;;;;;
;;;;;;
;;;;;;
;;;;;;
;;;;;;
;;;;;;
;;;;;;
;;;;;;
;;;;;;
;;;;;;
;;;;;;
;;;;;;
;;;;;;
;;;;;;
;;;;;;
;;;;;;
;;;;;;
;;;;;;
;;;;;;
;;;;;;
;;;;;;
;;;;;;
;;;;;;
;;;;;;
;;;;;;
;;;;;;
;;;;;;
;;;;;;
;;;;;;
;;;;;;
;;;;;;
;;;;;;
;;;;;;
;;;;;;
;;;;;;
;;;;;;
;;;;;;
;;;;;;
;;;;;;
;;;;;;
;;;;;;
;;;;;;
;;;;;;
;;;;;;
;;;;;;
;;;;;;
;;;;;;
;;;;;;
;;;;;;
;;;;;;
;;;;;;
;;;;;;
;;;;;;
;;;;;;
;;;;;;
;;;;;;
;;;;;;
;;;;;;
;;;;;;
;;;;;;
;;;;;;
;;;;;;
;;;;;;
;;;;;;
;;;;;;
;;;;;;
;;;;;;
;;;;;;
;;;;;;
;;;;;;
;;;;;;
;;;;;;
;;;;;;
;;;;;;
;;;;;;
;;;;;;
;;;;;;
;;;;;;
;;;;;;
;;;;;;
;;;;;;
;;;;;;
;;;;;;
;;;;;;
;;;;;;
;;;;;;
;;;;;;
;;;;;;
;;;;;;
;;;;;;
;;;;;;
;;;;;;
;;;;;;
;;;;;;
;;;;;;
;;;;;;
;;;;;;
;;;;;;
;;;;;;
;;;;;;
;;;;;;
;;;;;;
;;;;;;
;;;;;;
;;;;;;
;;;;;;
;;;;;;
;;;;;;
;;;;;;
;;;;;;
;;;;;;
;;;;;;
;;;;;;
;;;;;;
;;;;;;
;;;;;;
;;;;;;
;;;;;;
;;;;;;
;;;;;;
;;;;;;
;;;;;;
;;;;;;
;;;;;;
;;;;;;
;;;;;;
;;;;;;
;;;;;;
;;;;;;
;;;;;;
;;;;;;
;;;;;;
;;;;;;
;;;;;;
;;;;;;
;;;;;;
;;;;;;
;;;;;;
;;;;;;
;;;;;;
;;;;;;
;;;;;;
;;;;;;
;;;;;;
;;;;;;
;;;;;;
;;;;;;
;;;;;;
;;;;;;
;;;;;;
;;;;;;
;;;;;;
;;;;;;
;;;;;;
;;;;;;
;;;;;;
;;;;;;
;;;;;;
;;;;;;
;;;;;;
;;;;;;
;;;;;;
;;;;;;
;;;;;;
;;;;;;
;;;;;;
;;;;;;
;;;;;;
;;;;;;
;;;;;;
;;;;;;
;;;;;;
;;;;;;
;;;;;;
;;;;;;
;;;;;;
;;;;;;
;;;;;;
;;;;;;
;;;;;;
;;;;;;
;;;;;;
;;;;;;
;;;;;;
;;;;;;
;;;;;;
;;;;;;
;;;;;;
;;;;;;
;;;;;;
;;;;;;
;;;;;;
;;;;;;
;;;;;;
;;;;;;
;;;;;;
;;;;;;
;;;;;;
;;;;;;
;;;;;;
;;;;;;
;;;;;;
;;;;;;
;;;;;;
;;;;;;
;;;;;;
;;;;;;
;;;;;;
;;;;;;
;;;;;;
;;;;;;
;;;;;;
;;;;;;
;;;;;;
;;;;;;
;;;;;;
;;;;;;
;;;;;;
;;;;;;
;;;;;;
;;;;;;
;;;;;;
;;;;;;
;;;;;;
;;;;;;
;;;;;;
;;;;;;
;;;;;;
;;;;;;
;;;;;;
;;;;;;
;;;;;;
;;;;;;
;;;;;;
;;;;;;
;;;;;;
;;;;;;
;;;;;;
;;;;;;
;;;;;;
;;;;;;
;;;;;;
;;;;;;
;;;;;;
;;;;;;
;;;;;;
;;;;;;
;;;;;;
;;;;;;
;;;;;;
;;;;;;
;;;;;;
;;;;;;
;;;;;;
;;;;;;
;;;;;;
;;;;;;
;;;;;;
;;;;;;
;;;;;;
;;;;;;
;;;;;;
;;;;;;
;;;;;;
;;;;;;
;;;;;;
;;;;;;
;;;;;;
;;;;;;
;;;;;;
;;;;;;
;;;;;;
;;;;;;
;;;;;;
;;;;;;
;;;;;;
;;;;;;
;;;;;;
;;;;;;
;;;;;;
;;;;;;
;;;;;;
;;;;;;
;;;;;;
;;;;;;
;;;;;;
;;;;;;
;;;;;;
;;;;;;
;;;;;;
;;;;;;
;;;;;;
;;;;;;
;;;;;;
;;;;;;
;;;;;;
;;;;;;
;;;;;;
;;;;;;
;;;;;;
;;;;;;
;;;;;;
;;;;;;
;;;;;;
;;;;;;
;;;;;;
;;;;;;
;;;;;;
;;;;;;
;;;;;;
;;;;;;
;;;;;;
;;;;;;
;;;;;;
;;;;;;
;;;;;;
;;;;;;
;;;;;;
;;;;;;
;;;;;;
;;;;;;
;;;;;;
;;;;;;
;;;;;;
;;;;;;
;;;;;;
;;;;;;
;;;;;;
;;;;;;
;;;;;;
;;;;;;
;;;;;;
;;;;;;
;;;;;;
;;;;;;
;;;;;;
;;;;;;
;;;;;;
;;;;;;
;;;;;;
;;;;;;
;;;;;;
;;;;;;
;;;;;;
;;;;;;
;;;;;;
;;;;;;
;;;;;;
;;;;;;
;;;;;;
;;;;;;
;;;;;;
;;;;;;
;;;;;;
;;;;;;
;;;;;;
;;;;;;
;;;;;;
;;;;;;
;;;;;;
;;;;;;
;;;;;;
;;;;;;
;;;;;;
;;;;;;
;;;;;;
;;;;;;
;;;;;;
;;;;;;
;;;;;;
;;;;;;
;;;;;;
;;;;;;
;;;;;;
;;;;;;
;;;;;;
;;;;;;
;;;;;;
;;;;;;
;;;;;;
;;;;;;
;;;;;;
;;;;;;
;;;;;;
;;;;;;
;;;;;;
;;;;;;
;;;;;;
;;;;;;
;;;;;;
;;;;;;
;;;;;;
;;;;;;
;;;;;;
;;;;;;
;;;;;;
;;;;;;
;;;;;;
;;;;;;
;;;;;;
;;;;;;
;;;;;;
;;;;;;
;;;;;;
;;;;;;
;;;;;;
;;;;;;
;;;;;;
;;;;;;
;;;;;;
;;;;;;
;;;;;;
;;;;;;
;;;;;;
;;;;;;
;;;;;;
;;;;;;
;;;;;;
;;;;;;
;;;;;;
;;;;;;
;;;;;;
;;;;;;
;;;;;;
;;;;;;
;;;;;;
;;;;;;
;;;;;;
;;;;;;
;;;;;;
;;;;;;
;;;;;;
;;;;;;
;;;;;;
;;;;;;
;;;;;;
;;;;;;
;;;;;;
;;;;;;
;;;;;;
;;;;;;
;;;;;;
;;;;;;
;;;;;;
;;;;;;
;;;;;;
;;;;;;
;;;;;;
;;;;;;
;;;;;;
;;;;;;
;;;;;;
;;;;;;
;;;;;;
;;;;;;
;;;;;;
;;;;;;
;;;;;;
;;;;;;
;;;;;;
;;;;;;
;;;;;;
;;;;;;
;;;;;;
;;;;;;
;;;;;;
;;;;;;
;;;;;;
;;;;;;
;;;;;;
;;;;;;
;;;;;;
;;;;;;
;;;;;;
;;;;;;
;;;;;;
;;;;;;
;;;;;;
;;;;;;
;;;;;;
;;;;;;
;;;;;;
;;;;;;
;;;;;;
;;;;;;
;;;;;;
;;;;;;
;;;;;;
;;;;;;
;;;;;;
;;;;;;
;;;;;;
;;;;;;
;;;;;;
;;;;;;
;;;;;;
;;;;;;
;;;;;;
;;;;;;
;;;;;;
;;;;;;
;;;;;;
;;;;;;
;;;;;;
;;;;;;
;;;;;;
;;;;;;
;;;;;;
;;;;;;
;;;;;;
;;;;;;
;;;;;;
;;;;;;
;;;;;;
;;;;;;
;;;;;;
;;;;;;
;;;;;;
;;;;;;
;;;;;;
;;;;;;
;;;;;;
;;;;;;
;;;;;;
;;;;;;
;;;;;;
;;;;;;
;;;;;;
;;;;;;
;;;;;;
;;;;;;
;;;;;;
;;;;;;
;;;;;;
;;;;;;
;;;;;;
;;;;;;
;;;;;;
;;;;;;
;;;;;;
;;;;;;
;;;;;;
;;;;;;
;;;;;;
;;;;;;
;;;;;;
;;;;;;
;;;;;;
;;;;;;
;;;;;;
;;;;;;
;;;;;;
;;;;;;
;;;;;;
;;;;;;
;;;;;;
;;;;;;
;;;;;;
;;;;;;
;;;;;;
;;;;;;
;;;;;;
;;;;;;
;;;;;;
;;;;;;
;;;;;;
;;;;;;
;;;;;;
;;;;;;
;;;;;;
;;;;;;
;;;;;;
;;;;;;
;;;;;;
;;;;;;
;;;;;;
;;;;;;
;;;;;;
;;;;;;
;;;;;;
;;;;;;
;;;;;;
;;;;;;
;;;;;;
;;;;;;
;;;;;;
;;;;;;
;;;;;;
;;;;;;
;;;;;;
;;;;;;
;;;;;;
;;;;;;
;;;;;;
;;;;;;
;;;;;;
;;;;;;
;;;;;;
;;;;;;
;;;;;;
;;;;;;
;;;;;;
;;;;;;
;;;;;;
;;;;;;
;;;;;;
;;;;;;
;;;;;;
;;;;;;
;;;;;;
;;;;;;
;;;;;;
;;;;;;
;;;;;;
;;;;;;
;;;;;;
;;;;;;
;;;;;;
;;;;;;
;;;;;;
;;;;;;
;;;;;;
;;;;;;
;;;;;;
;;;;;;
;;;;;;
;;;;;;
;;;;;;
;;;;;;
;;;;;;
;;;;;;
;;;;;;
;;;;;;
;;;;;;
;;;;;;
;;;;;;
;;;;;;
;;;;;;
;;;;;;
;;;;;;
;;;;;;
;;;;;;
;;;;;;
;;;;;;
;;;;;;
;;;;;;
;;;;;;
;;;;;;
;;;;;;
;;;;;;
;;;;;;
;;;;;;
;;;;;;
;;;;;;
;;;;;;
;;;;;;
;;;;;;
;;;;;;
;;;;;;
;;;;;;
;;;;;;
;;;;;;
;;;;;;
;;;;;;
;;;;;;
;;;;;;
;;;;;;
;;;;;;
;;;;;;
;;;;;;
;;;;;;
;;;;;;
;;;;;;
;;;;;;
;;;;;;
;;;;;;
;;;;;;
;;;;;;
;;;;;;
;;;;;;
;;;;;;
;;;;;;
;;;;;;
;;;;;;
;;;;;;
;;;;;;
;;;;;;
;;;;;;
;;;;;;
;;;;;;
;;;;;;
;;;;;;
;;;;;;
;;;;;;
;;;;;;
;;;;;;
;;;;;;
;;;;;;
;;;;;;
;;;;;;
;;;;;;
;;;;;;
;;;;;;
;;;;;;
;;;;;;
;;;;;;
;;;;;;
;;;;;;
;;;;;;
;;;;;;
;;;;;;
;;;;;;
;;;;;;
;;;;;;
;;;;;;
;;;;;;
;;;;;;
;;;;;;
;;;;;;
;;;;;;
;;;;;;
;;;;;;
;;;;;;
;;;;;;
;;;;;;
;;;;;;
;;;;;;
;;;;;;
;;;;;;
;;;;;;
;;;;;;
;;;;;;
;;;;;;
;;;;;;
;;;;;;
;;;;;;
;;;;;;
;;;;;;
;;;;;;
;;;;;;
;;;;;;
;;;;;;
;;;;;;
;;;;;;
;;;;;;
;;;;;;
;;;;;;
;;;;;;
;;;;;;
;;;;;;
;;;;;;
;;;;;;
;;;;;;
;;;;;;
;;;;;;
;;;;;;
;;;;;;
;;;;;;
;;;;;;
;;;;;;
;;;;;;
;;;;;;
;;;;;;
;;;;;;
;;;;;;
;;;;;;
;;;;;;
;;;;;;
;;;;;;
;;;;;;
;;;;;;
;;;;;;
;;;;;;
;;;;;;
;;;;;;
;;;;;;
;;;;;;
;;;;;;
;;;;;;
;;;;;;
;;;;;;
;;;;;;
;;;;;;
;;;;;;
;;;;;;
;;;;;;
;;;;;;
;;;;;;
;;;;;;
;;;;;;
;;;;;;
;;;;;;
;;;;;;
;;;;;;
;;;;;;
;;;;;;
;;;;;;
;;;;;;
;;;;;;
;;;;;;
;;;;;;
;;;;;;
;;;;;;
;;;;;;
;;;;;;
;;;;;;
;;;;;;
;;;;;;
;;;;;;
;;;;;;
;;;;;;
;;;;;;
;;;;;;
;;;;;;
;;;;;;
;;;;;;
;;;;;;
;;;;;;
;;;;;;
;;;;;;
;;;;;;
;;;;;;
;;;;;;
;;;;;;
;;;;;;
;;;;;;
;;;;;;
;;;;;;
;;;;;;
;;;;;;
;;;;;;
;;;;;;
;;;;;;
;;;;;;
;;;;;;
;;;;;;
;;;;;;
;;;;;;
;;;;;;
;;;;;;
;;;;;;
;;;;;;
;;;;;;
;;;;;;
;;;;;;
;;;;;;
;;;;;;
;;;;;;
;;;;;;
;;;;;;
;;;;;;
;;;;;;
;;;;;;
;;;;;;
;;;;;;
;;;;;;
;;;;;;
;;;;;;
;;;;;;
;;;;;;
;;;;;;
;;;;;;
;;;;;;
;;;;;;
;;;;;;
;;;;;;
;;;;;;
;;;;;;
;;;;;;
;;;;;;
;;;;;;
;;;;;;
;;;;;;
;;;;;;
;;;;;;
;;;;;;
;;;;;;
;;;;;;
;;;;;;
;;;;;;
;;;;;;
;;;;;;
;;;;;;
;;;;;;
;;;;;;
;;;;;;
;;;;;;
;;;;;;
;;;;;;
;;;;;;
;;;;;;
;;;;;;
;;;;;;
;;;;;;
;;;;;;
;;;;;;
;;;;;;
;;;;;;
;;;;;;
;;;;;;
;;;;;;
;;;;;;
;;;;;;
;;;;;;
;;;;;;
;;;;;;
;;;;;;
;;;;;;
;;;;;;
;;;;;;
;;;;;;
;;;;;;
;;;;;;
;;;;;;
;;;;;;
;;;;;;
;;;;;;
;;;;;;
;;;;;;
;;;;;;
;;;;;;
;;;;;;
;;;;;;
;;;;;;
;;;;;;
;;;;;;
;;;;;;
;;;;;;
;;;;;;
;;;;;;
;;;;;;
;;;;;;
;;;;;;
;;;;;;
;;;;;;
;;;;;;
;;;;;;
;;;;;;
;;;;;;
;;;;;;
;;;;;;
;;;;;;
;;;;;;
;;;;;;
;;;;;;
;;;;;;
;;;;;;
;;;;;;
;;;;;;
;;;;;;
;;;;;;
;;;;;;
;;;;;;
;;;;;;
;;;;;;
;;;;;;
;;;;;;
;;;;;;
;;;;;;
;;;;;;
;;;;;;
;;;;;;
;;;;;;
;;;;;;
;;;;;;
;;;;;;
;;;;;;
;;;;;;
;;;;;;
;;;;;;
;;;;;;
;;;;;;
;;;;;;
;;;;;;
;;;;;;
;;;;;;
;;;;;;
;;;;;;
;;;;;;
;;;;;;
;;;;;;
;;;;;;
;;;;;;
;;;;;;
;;;;;;
;;;;;;
;;;;;;
;;;;;;
;;;;;;
;;;;;;
;;;;;;
;;;;;;
;;;;;;
;;;;;;
;;;;;;
;;;;;;
;;;;;;
;;;;;;
;;;;;;
;;;;;;
;;;;;;
;;;;;;
;;;;;;
;;;;;;
;;;;;;
;;;;;;
;;;;;;
;;;;;;
;;;;;;
;;;;;;
;;;;;;
;;;;;;
;;;;;;
;;;;;;
;;;;;;
;;;;;;
;;;;;;
;;;;;;
;;;;;;
;;;;;;
;;;;;;
;;;;;;
;;;;;;
;;;;;;
;;;;;;
;;;;;;
;;;;;;
;;;;;;
;;;;;;
;;;;;;
;;;;;;
;;;;;;
;;;;;;
;;;;;;
;;;;;;
;;;;;;
;;;;;;
;;;;;;
;;;;;;
;;;;;;
;;;;;;
;;;;;;
;;;;;;
;;;;;;
;;;;;;
;;;;;;
;;;;;;
;;;;;;
;;;;;;
;;;;;;
;;;;;;
;;;;;;
;;;;;;
;;;;;;
;;;;;;
;;;;;;
;;;;;;
;;;;;;
;;;;;;
;;;;;;
;;;;;;
;;;;;;
;;;;;;
;;;;;;
;;;;;;
;;;;;;
;;;;;;
;;;;;;
;;;;;;
;;;;;;
;;;;;;
;;;;;;
;;;;;;
;;;;;;
;;;;;;
;;;;;;
;;;;;;
;;;;;;
;;;;;;
;;;;;;
;;;;;;
;;;;;;
;;;;;;
;;;;;;
;;;;;;
;;;;;;
;;;;;;
;;;;;;
;;;;;;
;;;;;;
;;;;;;
;;;;;;
;;;;;;
;;;;;;
;;;;;;
;;;;;;
;;;;;;
;;;;;;
;;;;;;
;;;;;;
;;;;;;
;;;;;;
;;;;;;
;;;;;;
;;;;;;
;;;;;;
;;;;;;
;;;;;;
;;;;;;
;;;;;;
;;;;;;
;;;;;;
;;;;;;
;;;;;;
;;;;;;
;;;;;;
;;;;;;
;;;;;;
;;;;;;
;;;;;;
;;;;;;
;;;;;;
;;;;;;
;;;;;;
;;;;;;
;;;;;;
;;;;;;
;;;;;;
;;;;;;
;;;;;;
;;;;;;
;;;;;;
;;;;;;
;;;;;;
;;;;;;
;;;;;;
;;;;;;
;;;;;;
;;;;;;
;;;;;;
;;;;;;
;;;;;;
;;;;;;
;;;;;;
;;;;;;
;;;;;;
;;;;;;
;;;;;;
;;;;;;
;;;;;;
;;;;;;
;;;;;;
;;;;;;
;;;;;;
;;;;;;
;;;;;;
;;;;;;
;;;;;;
;;;;;;
;;;;;;
;;;;;;
;;;;;;
;;;;;;
;;;;;;
;;;;;;
;;;;;;
;;;;;;
;;;;;;
;;;;;;
;;;;;;
;;;;;;
;;;;;;
;;;;;;
;;;;;;
;;;;;;
;;;;;;
;;;;;;
;;;;;;
;;;;;;
;;;;;;
;;;;;;
;;;;;;
;;;;;;
;;;;;;
;;;;;;
;;;;;;
;;;;;;
;;;;;;
;;;;;;
;;;;;;
;;;;;;
;;;;;;
;;;;;;
;;;;;;
;;;;;;
;;;;;;
;;;;;;
;;;;;;
;;;;;;
;;;;;;
;;;;;;
;;;;;;
;;;;;;
;;;;;;
;;;;;;
;;;;;;
;;;;;;
;;;;;;
;;;;;;
;;;;;;
;;;;;;
;;;;;;
;;;;;;
;;;;;;
;;;;;;
;;;;;;
;;;;;;
;;;;;;
;;;;;;
;;;;;;
;;;;;;
;;;;;;
;;;;;;
;;;;;;
;;;;;;
;;;;;;
;;;;;;
;;;;;;
;;;;;;
;;;;;;
;;;;;;
;;;;;;
;;;;;;
;;;;;;
;;;;;;
;;;;;;
;;;;;;
;;;;;;
;;;;;;
;;;;;;
;;;;;;
;;;;;;
;;;;;;
;;;;;;
;;;;;;
;;;;;;
;;;;;;
;;;;;;
;;;;;;
;;;;;;
;;;;;;
;;;;;;
;;;;;;
;;;;;;
;;;;;;
;;;;;;
;;;;;;
;;;;;;
;;;;;;
;;;;;;
;;;;;;
;;;;;;
;;;;;;
;;;;;;
;;;;;;
;;;;;;
;;;;;;
;;;;;;
;;;;;;
;;;;;;
;;;;;;
;;;;;;
;;;;;;
;;;;;;
;;;;;;
;;;;;;
;;;;;;
;;;;;;
;;;;;;
;;;;;;
;;;;;;
;;;;;;
;;;;;;
;;;;;;
;;;;;;
;;;;;;
;;;;;;
;;;;;;
;;;;;;
;;;;;;
;;;;;;
;;;;;;
;;;;;;
;;;;;;
;;;;;;
;;;;;;
;;;;;;
;;;;;;
;;;;;;
;;;;;;
;;;;;;
;;;;;;
;;;;;;
;;;;;;
;;;;;;
;;;;;;
;;;;;;
;;;;;;
;;;;;;
;;;;;;
;;;;;;
;;;;;;
;;;;;;
;;;;;;
;;;;;;
;;;;;;
;;;;;;
;;;;;;
;;;;;;
;;;;;;
;;;;;;
;;;;;;
;;;;;;
;;;;;;
;;;;;;
;;;;;;
;;;;;;
;;;;;;
;;;;;;
;;;;;;
;;;;;;
;;;;;;
;;;;;;
;;;;;;
;;;;;;
;;;;;;
;;;;;;
;;;;;;
;;;;;;
;;;;;;
;;;;;;
;;;;;;
;;;;;;
;;;;;;
;;;;;;
;;;;;;
;;;;;;
;;;;;;
;;;;;;
;;;;;;
;;;;;;
;;;;;;
;;;;;;
;;;;;;
;;;;;;
;;;;;;
;;;;;;
;;;;;;
;;;;;;
;;;;;;
;;;;;;
;;;;;;
;;;;;;
;;;;;;
;;;;;;
;;;;;;
;;;;;;
;;;;;;
;;;;;;
;;;;;;
;;;;;;
;;;;;;
;;;;;;
;;;;;;
;;;;;;
;;;;;;
;;;;;;
;;;;;;
;;;;;;
;;;;;;
;;;;;;
;;;;;;
;;;;;;
;;;;;;
;;;;;;
;;;;;;
;;;;;;
;;;;;;
;;;;;;
;;;;;;
;;;;;;
;;;;;;
;;;;;;
;;;;;;
;;;;;;
;;;;;;
;;;;;;
;;;;;;
;;;;;;
;;;;;;
;;;;;;
;;;;;;
;;;;;;
;;;;;;
;;;;;;
;;;;;;
;;;;;;
;;;;;;
;;;;;;
;;;;;;
;;;;;;
;;;;;;
;;;;;;
;;;;;;
;;;;;;
;;;;;;
;;;;;;
;;;;;;
;;;;;;
;;;;;;
;;;;;;
;;;;;;
;;;;;;
;;;;;;
;;;;;;
;;;;;;
;;;;;;
;;;;;;
;;;;;;
;;;;;;
;;;;;;
;;;;;;
;;;;;;
;;;;;;
;;;;;;
;;;;;;
;;;;;;
;;;;;;
;;;;;;
;;;;;;
;;;;;;
;;;;;;
;;;;;;
;;;;;;
;;;;;;
;;;;;;
;;;;;;
;;;;;;
;;;;;;
;;;;;;
;;;;;;
;;;;;;
;;;;;;
;;;;;;
;;;;;;
;;;;;;
;;;;;;
;;;;;;
;;;;;;
;;;;;;
;;;;;;
;;;;;;
;;;;;;
;;;;;;
;;;;;;
;;;;;;
;;;;;;
;;;;;;
;;;;;;
;;;;;;
;;;;;;
;;;;;;
;;;;;;
;;;;;;
;;;;;;
;;;;;;
;;;;;;
;;;;;;
;;;;;;
;;;;;;
;;;;;;
;;;;;;
;;;;;;
;;;;;;
;;;;;;
;;;;;;
;;;;;;
;;;;;;
;;;;;;
;;;;;;
;;;;;;
;;;;;;
;;;;;;
;;;;;;
;;;;;;
;;;;;;
;;;;;;
;;;;;;
;;;;;;
;;;;;;
;;;;;;
;;;;;;
;;;;;;
;;;;;;
;;;;;;
;;;;;;
;;;;;;
;;;;;;
;;;;;;
;;;;;;
;;;;;;
;;;;;;
;;;;;;
;;;;;;
;;;;;;
;;;;;;
;;;;;;
;;;;;;
;;;;;;
;;;;;;
;;;;;;
;;;;;;
;;;;;;
;;;;;;
;;;;;;
;;;;;;
;;;;;;
;;;;;;
;;;;;;
;;;;;;
;;;;;;
;;;;;;
;;;;;;
;;;;;;
;;;;;;
;;;;;;
;;;;;;
;;;;;;
;;;;;;
;;;;;;
;;;;;;
;;;;;;
;;;;;;
;;;;;;
;;;;;;
;;;;;;
;;;;;;
;;;;;;
;;;;;;
;;;;;;
;;;;;;
;;;;;;
;;;;;;
;;;;;;
;;;;;;
;;;;;;
;;;;;;
;;;;;;
;;;;;;
;;;;;;
;;;;;;
;;;;;;
;;;;;;
;;;;;;
;;;;;;
;;;;;;
;;;;;;
;;;;;;
;;;;;;
;;;;;;
;;;;;;
;;;;;;
;;;;;;
;;;;;;
;;;;;;
;;;;;;
;;;;;;
;;;;;;
;;;;;;
;;;;;;
;;;;;;
;;;;;;
;;;;;;
;;;;;;
;;;;;;
;;;;;;
;;;;;;
;;;;;;
;;;;;;
;;;;;;
;;;;;;
;;;;;;
;;;;;;
;;;;;;
;;;;;;
;;;;;;
;;;;;;
;;;;;;
;;;;;;
;;;;;;
;;;;;;
;;;;;;
;;;;;;
;;;;;;
;;;;;;
;;;;;;
;;;;;;
;;;;;;
;;;;;;
;;;;;;
;;;;;;
;;;;;;
;;;;;;
;;;;;;
;;;;;;
;;;;;;
;;;;;;
;;;;;;
;;;;;;
;;;;;;
;;;;;;
;;;;;;
;;;;;;
;;;;;;
;;;;;;
;;;;;;
;;;;;;
;;;;;;
;;;;;;
;;;;;;
;;;;;;
;;;;;;
;;;;;;
;;;;;;
;;;;;;
;;;;;;
;;;;;;
;;;;;;
;;;;;;
;;;;;;
;;;;;;
;;;;;;
;;;;;;
;;;;;;
;;;;;;
;;;;;;
;;;;;;
;;;;;;
;;;;;;
;;;;;;
;;;;;;
;;;;;;
;;;;;;
;;;;;;
;;;;;;
;;;;;;
;;;;;;
;;;;;;
;;;;;;
;;;;;;
;;;;;;
;;;;;;
;;;;;;
;;;;;;
;;;;;;
;;;;;;
;;;;;;
;;;;;;
;;;;;;
;;;;;;
;;;;;;
;;;;;;
;;;;;;
;;;;;;
;;;;;;
;;;;;;
;;;;;;
;;;;;;
;;;;;;
;;;;;;
;;;;;;
;;;;;;
;;;;;;
;;;;;;
;;;;;;
;;;;;;
;;;;;;
;;;;;;
;;;;;;
;;;;;;
;;;;;;
;;;;;;
;;;;;;
;;;;;;
;;;;;;
;;;;;;
;;;;;;
;;;;;;
;;;;;;
;;;;;;
;;;;;;
;;;;;;
;;;;;;
;;;;;;
;;;;;;
;;;;;;
;;;;;;
;;;;;;
;;;;;;
;;;;;;
;;;;;;
;;;;;;
;;;;;;
;;;;;;
;;;;;;
;;;;;;
;;;;;;
;;;;;;
;;;;;;
;;;;;;
;;;;;;
;;;;;;
;;;;;;
;;;;;;
;;;;;;
;;;;;;
;;;;;;
;;;;;;
;;;;;;
;;;;;;
;;;;;;
;;;;;;
;;;;;;
;;;;;;
;;;;;;
;;;;;;
;;;;;;
;;;;;;
;;;;;;
;;;;;;
;;;;;;
;;;;;;
;;;;;;
;;;;;;
;;;;;;
;;;;;;
;;;;;;
;;;;;;
;;;;;;
;;;;;;
;;;;;;
;;;;;;
;;;;;;
;;;;;;
;;;;;;
;;;;;;
;;;;;;
;;;;;;
;;;;;;
;;;;;;
;;;;;;
;;;;;;
;;;;;;
;;;;;;
;;;;;;
;;;;;;
;;;;;;
;;;;;;
